season,round,driver,lap,position
2025,1,Lando Norris,1,1
2025,1,Max Verstappen,1,2
2025,1,Oscar Piastri,1,3
2025,1,George Russell,1,4
2025,1,Charles Leclerc,1,5
2025,1,Yuki Tsunoda,1,6
2025,1,Alexander Albon,1,7
2025,1,Lewis Hamilton,1,8
2025,1,Pierre Gasly,1,9
2025,1,Fernando Alonso,1,10
2025,1,Lance Stroll,1,11
2025,1,Nico Hülkenberg,1,12
2025,1,Andrea Kimi Antonelli,1,13
2025,1,Gabriel Bortoleto,1,14
2025,1,Esteban Ocon,1,15
2025,1,Liam Lawson,1,16
2025,1,Oliver Bearman,1,17
2025,1,Lando Norris,2,1
2025,1,Max Verstappen,2,2
2025,1,Oscar Piastri,2,3
2025,1,George Russell,2,4
2025,1,Charles Leclerc,2,5
2025,1,Yuki Tsunoda,2,6
2025,1,Alexander Albon,2,7
2025,1,Lewis Hamilton,2,8
2025,1,Pierre Gasly,2,9
2025,1,Fernando Alonso,2,10
2025,1,Lance Stroll,2,11
2025,1,Nico Hülkenberg,2,12
2025,1,Andrea Kimi Antonelli,2,13
2025,1,Gabriel Bortoleto,2,14
2025,1,Esteban Ocon,2,15
2025,1,Liam Lawson,2,16
2025,1,Oliver Bearman,2,17
2025,1,Lando Norris,3,1
2025,1,Max Verstappen,3,2
2025,1,Oscar Piastri,3,3
2025,1,George Russell,3,4
2025,1,Charles Leclerc,3,5
2025,1,Yuki Tsunoda,3,6
2025,1,Alexander Albon,3,7
2025,1,Lewis Hamilton,3,8
2025,1,Pierre Gasly,3,9
2025,1,Fernando Alonso,3,10
2025,1,Lance Stroll,3,11
2025,1,Nico Hülkenberg,3,12
2025,1,Andrea Kimi Antonelli,3,13
2025,1,Gabriel Bortoleto,3,14
2025,1,Esteban Ocon,3,15
2025,1,Liam Lawson,3,16
2025,1,Oliver Bearman,3,17
2025,1,Lando Norris,4,1
2025,1,Max Verstappen,4,2
2025,1,Oscar Piastri,4,3
2025,1,George Russell,4,4
2025,1,Charles Leclerc,4,5
2025,1,Yuki Tsunoda,4,6
2025,1,Alexander Albon,4,7
2025,1,Lewis Hamilton,4,8
2025,1,Pierre Gasly,4,9
2025,1,Fernando Alonso,4,10
2025,1,Lance Stroll,4,11
2025,1,Nico Hülkenberg,4,12
2025,1,Andrea Kimi Antonelli,4,13
2025,1,Gabriel Bortoleto,4,14
2025,1,Esteban Ocon,4,15
2025,1,Liam Lawson,4,16
2025,1,Oliver Bearman,4,17
2025,1,Lando Norris,5,1
2025,1,Max Verstappen,5,2
2025,1,Oscar Piastri,5,3
2025,1,George Russell,5,4
2025,1,Charles Leclerc,5,5
2025,1,Yuki Tsunoda,5,6
2025,1,Alexander Albon,5,7
2025,1,Lewis Hamilton,5,8
2025,1,Pierre Gasly,5,9
2025,1,Fernando Alonso,5,10
2025,1,Lance Stroll,5,11
2025,1,Nico Hülkenberg,5,12
2025,1,Andrea Kimi Antonelli,5,13
2025,1,Gabriel Bortoleto,5,14
2025,1,Esteban Ocon,5,15
2025,1,Liam Lawson,5,16
2025,1,Oliver Bearman,5,17
2025,1,Lando Norris,6,1
2025,1,Max Verstappen,6,2
2025,1,Oscar Piastri,6,3
2025,1,George Russell,6,4
2025,1,Charles Leclerc,6,5
2025,1,Yuki Tsunoda,6,6
2025,1,Alexander Albon,6,7
2025,1,Lewis Hamilton,6,8
2025,1,Pierre Gasly,6,9
2025,1,Fernando Alonso,6,10
2025,1,Lance Stroll,6,11
2025,1,Nico Hülkenberg,6,12
2025,1,Andrea Kimi Antonelli,6,13
2025,1,Gabriel Bortoleto,6,14
2025,1,Esteban Ocon,6,15
2025,1,Liam Lawson,6,16
2025,1,Oliver Bearman,6,17
2025,1,Lando Norris,7,1
2025,1,Max Verstappen,7,2
2025,1,Oscar Piastri,7,3
2025,1,George Russell,7,4
2025,1,Charles Leclerc,7,5
2025,1,Yuki Tsunoda,7,6
2025,1,Alexander Albon,7,7
2025,1,Lewis Hamilton,7,8
2025,1,Pierre Gasly,7,9
2025,1,Fernando Alonso,7,10
2025,1,Lance Stroll,7,11
2025,1,Nico Hülkenberg,7,12
2025,1,Andrea Kimi Antonelli,7,13
2025,1,Gabriel Bortoleto,7,14
2025,1,Esteban Ocon,7,15
2025,1,Liam Lawson,7,16
2025,1,Oliver Bearman,7,17
2025,1,Lando Norris,8,1
2025,1,Max Verstappen,8,2
2025,1,Oscar Piastri,8,3
2025,1,George Russell,8,4
2025,1,Charles Leclerc,8,5
2025,1,Yuki Tsunoda,8,6
2025,1,Alexander Albon,8,7
2025,1,Lewis Hamilton,8,8
2025,1,Pierre Gasly,8,9
2025,1,Fernando Alonso,8,10
2025,1,Lance Stroll,8,11
2025,1,Nico Hülkenberg,8,12
2025,1,Andrea Kimi Antonelli,8,13
2025,1,Gabriel Bortoleto,8,14
2025,1,Esteban Ocon,8,15
2025,1,Liam Lawson,8,16
2025,1,Oliver Bearman,8,17
2025,1,Lando Norris,9,1
2025,1,Max Verstappen,9,2
2025,1,Oscar Piastri,9,3
2025,1,George Russell,9,4
2025,1,Charles Leclerc,9,5
2025,1,Yuki Tsunoda,9,6
2025,1,Alexander Albon,9,7
2025,1,Lewis Hamilton,9,8
2025,1,Pierre Gasly,9,9
2025,1,Fernando Alonso,9,10
2025,1,Lance Stroll,9,11
2025,1,Nico Hülkenberg,9,12
2025,1,Andrea Kimi Antonelli,9,13
2025,1,Gabriel Bortoleto,9,14
2025,1,Esteban Ocon,9,15
2025,1,Liam Lawson,9,16
2025,1,Oliver Bearman,9,17
2025,1,Lando Norris,10,1
2025,1,Max Verstappen,10,2
2025,1,Oscar Piastri,10,3
2025,1,George Russell,10,4
2025,1,Charles Leclerc,10,5
2025,1,Yuki Tsunoda,10,6
2025,1,Alexander Albon,10,7
2025,1,Lewis Hamilton,10,8
2025,1,Pierre Gasly,10,9
2025,1,Fernando Alonso,10,10
2025,1,Lance Stroll,10,11
2025,1,Nico Hülkenberg,10,12
2025,1,Andrea Kimi Antonelli,10,13
2025,1,Gabriel Bortoleto,10,14
2025,1,Esteban Ocon,10,15
2025,1,Liam Lawson,10,16
2025,1,Oliver Bearman,10,17
2025,1,Lando Norris,11,1
2025,1,Max Verstappen,11,2
2025,1,Oscar Piastri,11,3
2025,1,George Russell,11,4
2025,1,Charles Leclerc,11,5
2025,1,Yuki Tsunoda,11,6
2025,1,Alexander Albon,11,7
2025,1,Lewis Hamilton,11,8
2025,1,Pierre Gasly,11,9
2025,1,Fernando Alonso,11,10
2025,1,Lance Stroll,11,11
2025,1,Nico Hülkenberg,11,12
2025,1,Andrea Kimi Antonelli,11,13
2025,1,Gabriel Bortoleto,11,14
2025,1,Esteban Ocon,11,15
2025,1,Liam Lawson,11,16
2025,1,Oliver Bearman,11,17
2025,1,Lando Norris,12,1
2025,1,Max Verstappen,12,2
2025,1,Oscar Piastri,12,3
2025,1,George Russell,12,4
2025,1,Charles Leclerc,12,5
2025,1,Yuki Tsunoda,12,6
2025,1,Alexander Albon,12,7
2025,1,Lewis Hamilton,12,8
2025,1,Pierre Gasly,12,9
2025,1,Fernando Alonso,12,10
2025,1,Lance Stroll,12,11
2025,1,Nico Hülkenberg,12,12
2025,1,Andrea Kimi Antonelli,12,13
2025,1,Gabriel Bortoleto,12,14
2025,1,Esteban Ocon,12,15
2025,1,Liam Lawson,12,16
2025,1,Oliver Bearman,12,17
2025,1,Lando Norris,13,1
2025,1,Max Verstappen,13,2
2025,1,Oscar Piastri,13,3
2025,1,George Russell,13,4
2025,1,Charles Leclerc,13,5
2025,1,Yuki Tsunoda,13,6
2025,1,Alexander Albon,13,7
2025,1,Lewis Hamilton,13,8
2025,1,Pierre Gasly,13,9
2025,1,Fernando Alonso,13,10
2025,1,Lance Stroll,13,11
2025,1,Nico Hülkenberg,13,12
2025,1,Andrea Kimi Antonelli,13,13
2025,1,Gabriel Bortoleto,13,14
2025,1,Esteban Ocon,13,15
2025,1,Liam Lawson,13,16
2025,1,Oliver Bearman,13,17
2025,1,Lando Norris,14,1
2025,1,Max Verstappen,14,2
2025,1,Oscar Piastri,14,3
2025,1,George Russell,14,4
2025,1,Charles Leclerc,14,5
2025,1,Yuki Tsunoda,14,6
2025,1,Alexander Albon,14,7
2025,1,Lewis Hamilton,14,8
2025,1,Pierre Gasly,14,9
2025,1,Fernando Alonso,14,10
2025,1,Lance Stroll,14,11
2025,1,Andrea Kimi Antonelli,14,12
2025,1,Nico Hülkenberg,14,13
2025,1,Gabriel Bortoleto,14,14
2025,1,Esteban Ocon,14,15
2025,1,Liam Lawson,14,16
2025,1,Oliver Bearman,14,17
2025,1,Lando Norris,15,1
2025,1,Max Verstappen,15,2
2025,1,Oscar Piastri,15,3
2025,1,George Russell,15,4
2025,1,Charles Leclerc,15,5
2025,1,Yuki Tsunoda,15,6
2025,1,Alexander Albon,15,7
2025,1,Lewis Hamilton,15,8
2025,1,Pierre Gasly,15,9
2025,1,Fernando Alonso,15,10
2025,1,Lance Stroll,15,11
2025,1,Andrea Kimi Antonelli,15,12
2025,1,Nico Hülkenberg,15,13
2025,1,Gabriel Bortoleto,15,14
2025,1,Esteban Ocon,15,15
2025,1,Liam Lawson,15,16
2025,1,Oliver Bearman,15,17
2025,1,Lando Norris,16,1
2025,1,Max Verstappen,16,2
2025,1,Oscar Piastri,16,3
2025,1,George Russell,16,4
2025,1,Charles Leclerc,16,5
2025,1,Yuki Tsunoda,16,6
2025,1,Alexander Albon,16,7
2025,1,Lewis Hamilton,16,8
2025,1,Pierre Gasly,16,9
2025,1,Fernando Alonso,16,10
2025,1,Lance Stroll,16,11
2025,1,Nico Hülkenberg,16,12
2025,1,Andrea Kimi Antonelli,16,13
2025,1,Gabriel Bortoleto,16,14
2025,1,Esteban Ocon,16,15
2025,1,Liam Lawson,16,16
2025,1,Oliver Bearman,16,17
2025,1,Lando Norris,17,1
2025,1,Oscar Piastri,17,2
2025,1,Max Verstappen,17,3
2025,1,George Russell,17,4
2025,1,Charles Leclerc,17,5
2025,1,Yuki Tsunoda,17,6
2025,1,Alexander Albon,17,7
2025,1,Lewis Hamilton,17,8
2025,1,Pierre Gasly,17,9
2025,1,Fernando Alonso,17,10
2025,1,Lance Stroll,17,11
2025,1,Andrea Kimi Antonelli,17,12
2025,1,Nico Hülkenberg,17,13
2025,1,Gabriel Bortoleto,17,14
2025,1,Esteban Ocon,17,15
2025,1,Liam Lawson,17,16
2025,1,Oliver Bearman,17,17
2025,1,Lando Norris,18,1
2025,1,Oscar Piastri,18,2
2025,1,Max Verstappen,18,3
2025,1,George Russell,18,4
2025,1,Charles Leclerc,18,5
2025,1,Yuki Tsunoda,18,6
2025,1,Alexander Albon,18,7
2025,1,Lewis Hamilton,18,8
2025,1,Pierre Gasly,18,9
2025,1,Fernando Alonso,18,10
2025,1,Lance Stroll,18,11
2025,1,Andrea Kimi Antonelli,18,12
2025,1,Nico Hülkenberg,18,13
2025,1,Gabriel Bortoleto,18,14
2025,1,Esteban Ocon,18,15
2025,1,Liam Lawson,18,16
2025,1,Oliver Bearman,18,17
2025,1,Lando Norris,19,1
2025,1,Oscar Piastri,19,2
2025,1,Max Verstappen,19,3
2025,1,George Russell,19,4
2025,1,Charles Leclerc,19,5
2025,1,Yuki Tsunoda,19,6
2025,1,Alexander Albon,19,7
2025,1,Lewis Hamilton,19,8
2025,1,Pierre Gasly,19,9
2025,1,Fernando Alonso,19,10
2025,1,Lance Stroll,19,11
2025,1,Andrea Kimi Antonelli,19,12
2025,1,Nico Hülkenberg,19,13
2025,1,Gabriel Bortoleto,19,14
2025,1,Liam Lawson,19,15
2025,1,Esteban Ocon,19,16
2025,1,Oliver Bearman,19,17
2025,1,Lando Norris,20,1
2025,1,Oscar Piastri,20,2
2025,1,Max Verstappen,20,3
2025,1,George Russell,20,4
2025,1,Charles Leclerc,20,5
2025,1,Yuki Tsunoda,20,6
2025,1,Alexander Albon,20,7
2025,1,Lewis Hamilton,20,8
2025,1,Pierre Gasly,20,9
2025,1,Fernando Alonso,20,10
2025,1,Lance Stroll,20,11
2025,1,Andrea Kimi Antonelli,20,12
2025,1,Nico Hülkenberg,20,13
2025,1,Gabriel Bortoleto,20,14
2025,1,Liam Lawson,20,15
2025,1,Esteban Ocon,20,16
2025,1,Oliver Bearman,20,17
2025,1,Lando Norris,21,1
2025,1,Oscar Piastri,21,2
2025,1,Max Verstappen,21,3
2025,1,George Russell,21,4
2025,1,Charles Leclerc,21,5
2025,1,Yuki Tsunoda,21,6
2025,1,Alexander Albon,21,7
2025,1,Lewis Hamilton,21,8
2025,1,Pierre Gasly,21,9
2025,1,Fernando Alonso,21,10
2025,1,Lance Stroll,21,11
2025,1,Andrea Kimi Antonelli,21,12
2025,1,Nico Hülkenberg,21,13
2025,1,Gabriel Bortoleto,21,14
2025,1,Liam Lawson,21,15
2025,1,Esteban Ocon,21,16
2025,1,Oliver Bearman,21,17
2025,1,Lando Norris,22,1
2025,1,Oscar Piastri,22,2
2025,1,Max Verstappen,22,3
2025,1,George Russell,22,4
2025,1,Charles Leclerc,22,5
2025,1,Yuki Tsunoda,22,6
2025,1,Alexander Albon,22,7
2025,1,Lewis Hamilton,22,8
2025,1,Pierre Gasly,22,9
2025,1,Fernando Alonso,22,10
2025,1,Andrea Kimi Antonelli,22,11
2025,1,Lance Stroll,22,12
2025,1,Nico Hülkenberg,22,13
2025,1,Gabriel Bortoleto,22,14
2025,1,Liam Lawson,22,15
2025,1,Esteban Ocon,22,16
2025,1,Oliver Bearman,22,17
2025,1,Lando Norris,23,1
2025,1,Oscar Piastri,23,2
2025,1,Max Verstappen,23,3
2025,1,George Russell,23,4
2025,1,Charles Leclerc,23,5
2025,1,Yuki Tsunoda,23,6
2025,1,Alexander Albon,23,7
2025,1,Lewis Hamilton,23,8
2025,1,Pierre Gasly,23,9
2025,1,Fernando Alonso,23,10
2025,1,Andrea Kimi Antonelli,23,11
2025,1,Lance Stroll,23,12
2025,1,Nico Hülkenberg,23,13
2025,1,Gabriel Bortoleto,23,14
2025,1,Liam Lawson,23,15
2025,1,Esteban Ocon,23,16
2025,1,Oliver Bearman,23,17
2025,1,Lando Norris,24,1
2025,1,Oscar Piastri,24,2
2025,1,Max Verstappen,24,3
2025,1,George Russell,24,4
2025,1,Charles Leclerc,24,5
2025,1,Yuki Tsunoda,24,6
2025,1,Alexander Albon,24,7
2025,1,Lewis Hamilton,24,8
2025,1,Pierre Gasly,24,9
2025,1,Fernando Alonso,24,10
2025,1,Andrea Kimi Antonelli,24,11
2025,1,Lance Stroll,24,12
2025,1,Nico Hülkenberg,24,13
2025,1,Gabriel Bortoleto,24,14
2025,1,Liam Lawson,24,15
2025,1,Esteban Ocon,24,16
2025,1,Oliver Bearman,24,17
2025,1,Lando Norris,25,1
2025,1,Oscar Piastri,25,2
2025,1,Max Verstappen,25,3
2025,1,George Russell,25,4
2025,1,Charles Leclerc,25,5
2025,1,Yuki Tsunoda,25,6
2025,1,Alexander Albon,25,7
2025,1,Lewis Hamilton,25,8
2025,1,Pierre Gasly,25,9
2025,1,Fernando Alonso,25,10
2025,1,Andrea Kimi Antonelli,25,11
2025,1,Lance Stroll,25,12
2025,1,Nico Hülkenberg,25,13
2025,1,Gabriel Bortoleto,25,14
2025,1,Liam Lawson,25,15
2025,1,Esteban Ocon,25,16
2025,1,Oliver Bearman,25,17
2025,1,Lando Norris,26,1
2025,1,Oscar Piastri,26,2
2025,1,Max Verstappen,26,3
2025,1,George Russell,26,4
2025,1,Charles Leclerc,26,5
2025,1,Yuki Tsunoda,26,6
2025,1,Alexander Albon,26,7
2025,1,Lewis Hamilton,26,8
2025,1,Pierre Gasly,26,9
2025,1,Fernando Alonso,26,10
2025,1,Andrea Kimi Antonelli,26,11
2025,1,Lance Stroll,26,12
2025,1,Nico Hülkenberg,26,13
2025,1,Gabriel Bortoleto,26,14
2025,1,Liam Lawson,26,15
2025,1,Esteban Ocon,26,16
2025,1,Oliver Bearman,26,17
2025,1,Lando Norris,27,1
2025,1,Oscar Piastri,27,2
2025,1,Max Verstappen,27,3
2025,1,George Russell,27,4
2025,1,Charles Leclerc,27,5
2025,1,Yuki Tsunoda,27,6
2025,1,Alexander Albon,27,7
2025,1,Lewis Hamilton,27,8
2025,1,Pierre Gasly,27,9
2025,1,Fernando Alonso,27,10
2025,1,Andrea Kimi Antonelli,27,11
2025,1,Lance Stroll,27,12
2025,1,Nico Hülkenberg,27,13
2025,1,Gabriel Bortoleto,27,14
2025,1,Liam Lawson,27,15
2025,1,Esteban Ocon,27,16
2025,1,Oliver Bearman,27,17
2025,1,Lando Norris,28,1
2025,1,Oscar Piastri,28,2
2025,1,Max Verstappen,28,3
2025,1,George Russell,28,4
2025,1,Charles Leclerc,28,5
2025,1,Yuki Tsunoda,28,6
2025,1,Alexander Albon,28,7
2025,1,Lewis Hamilton,28,8
2025,1,Pierre Gasly,28,9
2025,1,Fernando Alonso,28,10
2025,1,Andrea Kimi Antonelli,28,11
2025,1,Lance Stroll,28,12
2025,1,Nico Hülkenberg,28,13
2025,1,Gabriel Bortoleto,28,14
2025,1,Liam Lawson,28,15
2025,1,Esteban Ocon,28,16
2025,1,Oliver Bearman,28,17
2025,1,Lando Norris,29,1
2025,1,Oscar Piastri,29,2
2025,1,Max Verstappen,29,3
2025,1,George Russell,29,4
2025,1,Charles Leclerc,29,5
2025,1,Yuki Tsunoda,29,6
2025,1,Alexander Albon,29,7
2025,1,Lewis Hamilton,29,8
2025,1,Pierre Gasly,29,9
2025,1,Fernando Alonso,29,10
2025,1,Andrea Kimi Antonelli,29,11
2025,1,Lance Stroll,29,12
2025,1,Nico Hülkenberg,29,13
2025,1,Gabriel Bortoleto,29,14
2025,1,Liam Lawson,29,15
2025,1,Esteban Ocon,29,16
2025,1,Oliver Bearman,29,17
2025,1,Lando Norris,30,1
2025,1,Oscar Piastri,30,2
2025,1,Max Verstappen,30,3
2025,1,George Russell,30,4
2025,1,Charles Leclerc,30,5
2025,1,Yuki Tsunoda,30,6
2025,1,Alexander Albon,30,7
2025,1,Lewis Hamilton,30,8
2025,1,Pierre Gasly,30,9
2025,1,Fernando Alonso,30,10
2025,1,Andrea Kimi Antonelli,30,11
2025,1,Lance Stroll,30,12
2025,1,Nico Hülkenberg,30,13
2025,1,Gabriel Bortoleto,30,14
2025,1,Liam Lawson,30,15
2025,1,Esteban Ocon,30,16
2025,1,Oliver Bearman,30,17
2025,1,Lando Norris,31,1
2025,1,Oscar Piastri,31,2
2025,1,Max Verstappen,31,3
2025,1,George Russell,31,4
2025,1,Charles Leclerc,31,5
2025,1,Yuki Tsunoda,31,6
2025,1,Alexander Albon,31,7
2025,1,Lewis Hamilton,31,8
2025,1,Pierre Gasly,31,9
2025,1,Fernando Alonso,31,10
2025,1,Andrea Kimi Antonelli,31,11
2025,1,Lance Stroll,31,12
2025,1,Nico Hülkenberg,31,13
2025,1,Gabriel Bortoleto,31,14
2025,1,Liam Lawson,31,15
2025,1,Esteban Ocon,31,16
2025,1,Oliver Bearman,31,17
2025,1,Lando Norris,32,1
2025,1,Oscar Piastri,32,2
2025,1,Max Verstappen,32,3
2025,1,George Russell,32,4
2025,1,Charles Leclerc,32,5
2025,1,Yuki Tsunoda,32,6
2025,1,Alexander Albon,32,7
2025,1,Lewis Hamilton,32,8
2025,1,Pierre Gasly,32,9
2025,1,Fernando Alonso,32,10
2025,1,Andrea Kimi Antonelli,32,11
2025,1,Lance Stroll,32,12
2025,1,Nico Hülkenberg,32,13
2025,1,Gabriel Bortoleto,32,14
2025,1,Liam Lawson,32,15
2025,1,Esteban Ocon,32,16
2025,1,Oliver Bearman,32,17
2025,1,Lando Norris,33,1
2025,1,Oscar Piastri,33,2
2025,1,Max Verstappen,33,3
2025,1,George Russell,33,4
2025,1,Charles Leclerc,33,5
2025,1,Yuki Tsunoda,33,6
2025,1,Alexander Albon,33,7
2025,1,Lewis Hamilton,33,8
2025,1,Pierre Gasly,33,9
2025,1,Andrea Kimi Antonelli,33,10
2025,1,Lance Stroll,33,11
2025,1,Nico Hülkenberg,33,12
2025,1,Gabriel Bortoleto,33,13
2025,1,Esteban Ocon,33,14
2025,1,Liam Lawson,33,15
2025,1,Oliver Bearman,33,16
2025,1,Lando Norris,34,1
2025,1,Oscar Piastri,34,2
2025,1,Max Verstappen,34,3
2025,1,George Russell,34,4
2025,1,Charles Leclerc,34,5
2025,1,Yuki Tsunoda,34,6
2025,1,Alexander Albon,34,7
2025,1,Lewis Hamilton,34,8
2025,1,Pierre Gasly,34,9
2025,1,Andrea Kimi Antonelli,34,10
2025,1,Lance Stroll,34,11
2025,1,Nico Hülkenberg,34,12
2025,1,Gabriel Bortoleto,34,13
2025,1,Esteban Ocon,34,14
2025,1,Oliver Bearman,34,15
2025,1,Liam Lawson,34,16
2025,1,Lando Norris,35,1
2025,1,Oscar Piastri,35,2
2025,1,Max Verstappen,35,3
2025,1,George Russell,35,4
2025,1,Charles Leclerc,35,5
2025,1,Yuki Tsunoda,35,6
2025,1,Alexander Albon,35,7
2025,1,Lewis Hamilton,35,8
2025,1,Pierre Gasly,35,9
2025,1,Andrea Kimi Antonelli,35,10
2025,1,Lance Stroll,35,11
2025,1,Nico Hülkenberg,35,12
2025,1,Gabriel Bortoleto,35,13
2025,1,Esteban Ocon,35,14
2025,1,Oliver Bearman,35,15
2025,1,Liam Lawson,35,16
2025,1,Lando Norris,36,1
2025,1,Oscar Piastri,36,2
2025,1,Max Verstappen,36,3
2025,1,George Russell,36,4
2025,1,Charles Leclerc,36,5
2025,1,Yuki Tsunoda,36,6
2025,1,Alexander Albon,36,7
2025,1,Lewis Hamilton,36,8
2025,1,Pierre Gasly,36,9
2025,1,Andrea Kimi Antonelli,36,10
2025,1,Lance Stroll,36,11
2025,1,Nico Hülkenberg,36,12
2025,1,Gabriel Bortoleto,36,13
2025,1,Esteban Ocon,36,14
2025,1,Oliver Bearman,36,15
2025,1,Liam Lawson,36,16
2025,1,Lando Norris,37,1
2025,1,Oscar Piastri,37,2
2025,1,Max Verstappen,37,3
2025,1,George Russell,37,4
2025,1,Charles Leclerc,37,5
2025,1,Yuki Tsunoda,37,6
2025,1,Alexander Albon,37,7
2025,1,Lewis Hamilton,37,8
2025,1,Pierre Gasly,37,9
2025,1,Andrea Kimi Antonelli,37,10
2025,1,Lance Stroll,37,11
2025,1,Nico Hülkenberg,37,12
2025,1,Gabriel Bortoleto,37,13
2025,1,Esteban Ocon,37,14
2025,1,Oliver Bearman,37,15
2025,1,Liam Lawson,37,16
2025,1,Lando Norris,38,1
2025,1,Oscar Piastri,38,2
2025,1,Max Verstappen,38,3
2025,1,George Russell,38,4
2025,1,Charles Leclerc,38,5
2025,1,Yuki Tsunoda,38,6
2025,1,Alexander Albon,38,7
2025,1,Lewis Hamilton,38,8
2025,1,Pierre Gasly,38,9
2025,1,Andrea Kimi Antonelli,38,10
2025,1,Lance Stroll,38,11
2025,1,Nico Hülkenberg,38,12
2025,1,Gabriel Bortoleto,38,13
2025,1,Esteban Ocon,38,14
2025,1,Oliver Bearman,38,15
2025,1,Liam Lawson,38,16
2025,1,Lando Norris,39,1
2025,1,Oscar Piastri,39,2
2025,1,Max Verstappen,39,3
2025,1,George Russell,39,4
2025,1,Charles Leclerc,39,5
2025,1,Yuki Tsunoda,39,6
2025,1,Alexander Albon,39,7
2025,1,Lewis Hamilton,39,8
2025,1,Pierre Gasly,39,9
2025,1,Andrea Kimi Antonelli,39,10
2025,1,Lance Stroll,39,11
2025,1,Nico Hülkenberg,39,12
2025,1,Gabriel Bortoleto,39,13
2025,1,Liam Lawson,39,14
2025,1,Esteban Ocon,39,15
2025,1,Oliver Bearman,39,16
2025,1,Lando Norris,40,1
2025,1,Oscar Piastri,40,2
2025,1,Max Verstappen,40,3
2025,1,George Russell,40,4
2025,1,Charles Leclerc,40,5
2025,1,Yuki Tsunoda,40,6
2025,1,Alexander Albon,40,7
2025,1,Lewis Hamilton,40,8
2025,1,Pierre Gasly,40,9
2025,1,Andrea Kimi Antonelli,40,10
2025,1,Lance Stroll,40,11
2025,1,Nico Hülkenberg,40,12
2025,1,Gabriel Bortoleto,40,13
2025,1,Liam Lawson,40,14
2025,1,Esteban Ocon,40,15
2025,1,Oliver Bearman,40,16
2025,1,Lando Norris,41,1
2025,1,Oscar Piastri,41,2
2025,1,Max Verstappen,41,3
2025,1,George Russell,41,4
2025,1,Charles Leclerc,41,5
2025,1,Yuki Tsunoda,41,6
2025,1,Alexander Albon,41,7
2025,1,Lewis Hamilton,41,8
2025,1,Pierre Gasly,41,9
2025,1,Andrea Kimi Antonelli,41,10
2025,1,Lance Stroll,41,11
2025,1,Nico Hülkenberg,41,12
2025,1,Gabriel Bortoleto,41,13
2025,1,Liam Lawson,41,14
2025,1,Esteban Ocon,41,15
2025,1,Oliver Bearman,41,16
2025,1,Lando Norris,42,1
2025,1,Oscar Piastri,42,2
2025,1,Max Verstappen,42,3
2025,1,George Russell,42,4
2025,1,Charles Leclerc,42,5
2025,1,Yuki Tsunoda,42,6
2025,1,Alexander Albon,42,7
2025,1,Lewis Hamilton,42,8
2025,1,Pierre Gasly,42,9
2025,1,Andrea Kimi Antonelli,42,10
2025,1,Lance Stroll,42,11
2025,1,Nico Hülkenberg,42,12
2025,1,Gabriel Bortoleto,42,13
2025,1,Liam Lawson,42,14
2025,1,Esteban Ocon,42,15
2025,1,Oliver Bearman,42,16
2025,1,Lando Norris,43,1
2025,1,Oscar Piastri,43,2
2025,1,Max Verstappen,43,3
2025,1,George Russell,43,4
2025,1,Yuki Tsunoda,43,5
2025,1,Charles Leclerc,43,6
2025,1,Alexander Albon,43,7
2025,1,Lewis Hamilton,43,8
2025,1,Pierre Gasly,43,9
2025,1,Andrea Kimi Antonelli,43,10
2025,1,Lance Stroll,43,11
2025,1,Nico Hülkenberg,43,12
2025,1,Gabriel Bortoleto,43,13
2025,1,Liam Lawson,43,14
2025,1,Esteban Ocon,43,15
2025,1,Oliver Bearman,43,16
2025,1,Max Verstappen,44,1
2025,1,Yuki Tsunoda,44,2
2025,1,Lewis Hamilton,44,3
2025,1,Pierre Gasly,44,4
2025,1,Charles Leclerc,44,5
2025,1,Lando Norris,44,6
2025,1,Liam Lawson,44,7
2025,1,George Russell,44,8
2025,1,Alexander Albon,44,9
2025,1,Lance Stroll,44,10
2025,1,Andrea Kimi Antonelli,44,11
2025,1,Nico Hülkenberg,44,12
2025,1,Gabriel Bortoleto,44,13
2025,1,Esteban Ocon,44,14
2025,1,Oscar Piastri,44,15
2025,1,Oliver Bearman,44,16
2025,1,Max Verstappen,45,1
2025,1,Lewis Hamilton,45,2
2025,1,Yuki Tsunoda,45,3
2025,1,Pierre Gasly,45,4
2025,1,Charles Leclerc,45,5
2025,1,Lando Norris,45,6
2025,1,Liam Lawson,45,7
2025,1,George Russell,45,8
2025,1,Alexander Albon,45,9
2025,1,Lance Stroll,45,10
2025,1,Andrea Kimi Antonelli,45,11
2025,1,Nico Hülkenberg,45,12
2025,1,Gabriel Bortoleto,45,13
2025,1,Esteban Ocon,45,14
2025,1,Oscar Piastri,45,15
2025,1,Oliver Bearman,45,16
2025,1,Lewis Hamilton,46,1
2025,1,Charles Leclerc,46,2
2025,1,Lando Norris,46,3
2025,1,Yuki Tsunoda,46,4
2025,1,Max Verstappen,46,5
2025,1,George Russell,46,6
2025,1,Alexander Albon,46,7
2025,1,Andrea Kimi Antonelli,46,8
2025,1,Liam Lawson,46,9
2025,1,Lance Stroll,46,10
2025,1,Pierre Gasly,46,11
2025,1,Nico Hülkenberg,46,12
2025,1,Esteban Ocon,46,13
2025,1,Oscar Piastri,46,14
2025,1,Oliver Bearman,46,15
2025,1,Lando Norris,47,1
2025,1,Max Verstappen,47,2
2025,1,George Russell,47,3
2025,1,Alexander Albon,47,4
2025,1,Andrea Kimi Antonelli,47,5
2025,1,Lance Stroll,47,6
2025,1,Nico Hülkenberg,47,7
2025,1,Pierre Gasly,47,8
2025,1,Lewis Hamilton,47,9
2025,1,Charles Leclerc,47,10
2025,1,Yuki Tsunoda,47,11
2025,1,Esteban Ocon,47,12
2025,1,Oscar Piastri,47,13
2025,1,Oliver Bearman,47,14
2025,1,Lando Norris,48,1
2025,1,Max Verstappen,48,2
2025,1,George Russell,48,3
2025,1,Alexander Albon,48,4
2025,1,Andrea Kimi Antonelli,48,5
2025,1,Lance Stroll,48,6
2025,1,Nico Hülkenberg,48,7
2025,1,Pierre Gasly,48,8
2025,1,Lewis Hamilton,48,9
2025,1,Charles Leclerc,48,10
2025,1,Yuki Tsunoda,48,11
2025,1,Esteban Ocon,48,12
2025,1,Oscar Piastri,48,13
2025,1,Oliver Bearman,48,14
2025,1,Lando Norris,49,1
2025,1,Max Verstappen,49,2
2025,1,George Russell,49,3
2025,1,Alexander Albon,49,4
2025,1,Andrea Kimi Antonelli,49,5
2025,1,Lance Stroll,49,6
2025,1,Nico Hülkenberg,49,7
2025,1,Pierre Gasly,49,8
2025,1,Lewis Hamilton,49,9
2025,1,Charles Leclerc,49,10
2025,1,Yuki Tsunoda,49,11
2025,1,Esteban Ocon,49,12
2025,1,Oscar Piastri,49,13
2025,1,Oliver Bearman,49,14
2025,1,Lando Norris,50,1
2025,1,Max Verstappen,50,2
2025,1,George Russell,50,3
2025,1,Alexander Albon,50,4
2025,1,Andrea Kimi Antonelli,50,5
2025,1,Lance Stroll,50,6
2025,1,Nico Hülkenberg,50,7
2025,1,Pierre Gasly,50,8
2025,1,Lewis Hamilton,50,9
2025,1,Charles Leclerc,50,10
2025,1,Yuki Tsunoda,50,11
2025,1,Esteban Ocon,50,12
2025,1,Oscar Piastri,50,13
2025,1,Oliver Bearman,50,14
2025,1,Lando Norris,51,1
2025,1,Max Verstappen,51,2
2025,1,George Russell,51,3
2025,1,Alexander Albon,51,4
2025,1,Andrea Kimi Antonelli,51,5
2025,1,Lance Stroll,51,6
2025,1,Nico Hülkenberg,51,7
2025,1,Pierre Gasly,51,8
2025,1,Lewis Hamilton,51,9
2025,1,Charles Leclerc,51,10
2025,1,Yuki Tsunoda,51,11
2025,1,Oscar Piastri,51,12
2025,1,Esteban Ocon,51,13
2025,1,Oliver Bearman,51,14
2025,1,Lando Norris,52,1
2025,1,Max Verstappen,52,2
2025,1,George Russell,52,3
2025,1,Alexander Albon,52,4
2025,1,Andrea Kimi Antonelli,52,5
2025,1,Lance Stroll,52,6
2025,1,Nico Hülkenberg,52,7
2025,1,Pierre Gasly,52,8
2025,1,Charles Leclerc,52,9
2025,1,Lewis Hamilton,52,10
2025,1,Yuki Tsunoda,52,11
2025,1,Oscar Piastri,52,12
2025,1,Esteban Ocon,52,13
2025,1,Oliver Bearman,52,14
2025,1,Lando Norris,53,1
2025,1,Max Verstappen,53,2
2025,1,George Russell,53,3
2025,1,Alexander Albon,53,4
2025,1,Andrea Kimi Antonelli,53,5
2025,1,Lance Stroll,53,6
2025,1,Nico Hülkenberg,53,7
2025,1,Pierre Gasly,53,8
2025,1,Charles Leclerc,53,9
2025,1,Lewis Hamilton,53,10
2025,1,Oscar Piastri,53,11
2025,1,Yuki Tsunoda,53,12
2025,1,Esteban Ocon,53,13
2025,1,Oliver Bearman,53,14
2025,1,Lando Norris,54,1
2025,1,Max Verstappen,54,2
2025,1,George Russell,54,3
2025,1,Alexander Albon,54,4
2025,1,Andrea Kimi Antonelli,54,5
2025,1,Lance Stroll,54,6
2025,1,Nico Hülkenberg,54,7
2025,1,Charles Leclerc,54,8
2025,1,Lewis Hamilton,54,9
2025,1,Pierre Gasly,54,10
2025,1,Oscar Piastri,54,11
2025,1,Yuki Tsunoda,54,12
2025,1,Esteban Ocon,54,13
2025,1,Oliver Bearman,54,14
2025,1,Lando Norris,55,1
2025,1,Max Verstappen,55,2
2025,1,George Russell,55,3
2025,1,Alexander Albon,55,4
2025,1,Andrea Kimi Antonelli,55,5
2025,1,Lance Stroll,55,6
2025,1,Nico Hülkenberg,55,7
2025,1,Charles Leclerc,55,8
2025,1,Lewis Hamilton,55,9
2025,1,Oscar Piastri,55,10
2025,1,Pierre Gasly,55,11
2025,1,Yuki Tsunoda,55,12
2025,1,Esteban Ocon,55,13
2025,1,Oliver Bearman,55,14
2025,1,Lando Norris,56,1
2025,1,Max Verstappen,56,2
2025,1,George Russell,56,3
2025,1,Andrea Kimi Antonelli,56,4
2025,1,Alexander Albon,56,5
2025,1,Lance Stroll,56,6
2025,1,Nico Hülkenberg,56,7
2025,1,Charles Leclerc,56,8
2025,1,Lewis Hamilton,56,9
2025,1,Oscar Piastri,56,10
2025,1,Pierre Gasly,56,11
2025,1,Yuki Tsunoda,56,12
2025,1,Esteban Ocon,56,13
2025,1,Oliver Bearman,56,14
2025,1,Lando Norris,57,1
2025,1,Max Verstappen,57,2
2025,1,George Russell,57,3
2025,1,Andrea Kimi Antonelli,57,4
2025,1,Alexander Albon,57,5
2025,1,Lance Stroll,57,6
2025,1,Nico Hülkenberg,57,7
2025,1,Charles Leclerc,57,8
2025,1,Oscar Piastri,57,9
2025,1,Lewis Hamilton,57,10
2025,1,Pierre Gasly,57,11
2025,1,Yuki Tsunoda,57,12
2025,1,Esteban Ocon,57,13
2025,1,Oliver Bearman,57,14
2025,5,Max Verstappen,1,1
2025,5,Oscar Piastri,1,2
2025,5,George Russell,1,3
2025,5,Charles Leclerc,1,4
2025,5,Andrea Kimi Antonelli,1,5
2025,5,Lewis Hamilton,1,6
2025,5,Carlos Sainz,1,7
2025,5,Lando Norris,1,8
2025,5,Alexander Albon,1,9
2025,5,Fernando Alonso,1,10
2025,5,Isack Hadjar,1,11
2025,5,Liam Lawson,1,12
2025,5,Oliver Bearman,1,13
2025,5,Lance Stroll,1,14
2025,5,Nico Hülkenberg,1,15
2025,5,Jack Doohan,1,16
2025,5,Esteban Ocon,1,17
2025,5,Gabriel Bortoleto,1,18
2025,5,Yuki Tsunoda,1,19
2025,5,Max Verstappen,2,1
2025,5,Oscar Piastri,2,2
2025,5,George Russell,2,3
2025,5,Charles Leclerc,2,4
2025,5,Andrea Kimi Antonelli,2,5
2025,5,Lewis Hamilton,2,6
2025,5,Carlos Sainz,2,7
2025,5,Lando Norris,2,8
2025,5,Alexander Albon,2,9
2025,5,Fernando Alonso,2,10
2025,5,Isack Hadjar,2,11
2025,5,Liam Lawson,2,12
2025,5,Oliver Bearman,2,13
2025,5,Lance Stroll,2,14
2025,5,Nico Hülkenberg,2,15
2025,5,Jack Doohan,2,16
2025,5,Esteban Ocon,2,17
2025,5,Gabriel Bortoleto,2,18
2025,5,Max Verstappen,3,1
2025,5,Oscar Piastri,3,2
2025,5,George Russell,3,3
2025,5,Charles Leclerc,3,4
2025,5,Andrea Kimi Antonelli,3,5
2025,5,Lewis Hamilton,3,6
2025,5,Carlos Sainz,3,7
2025,5,Lando Norris,3,8
2025,5,Alexander Albon,3,9
2025,5,Fernando Alonso,3,10
2025,5,Isack Hadjar,3,11
2025,5,Liam Lawson,3,12
2025,5,Oliver Bearman,3,13
2025,5,Lance Stroll,3,14
2025,5,Nico Hülkenberg,3,15
2025,5,Jack Doohan,3,16
2025,5,Esteban Ocon,3,17
2025,5,Gabriel Bortoleto,3,18
2025,5,Max Verstappen,4,1
2025,5,Oscar Piastri,4,2
2025,5,George Russell,4,3
2025,5,Charles Leclerc,4,4
2025,5,Andrea Kimi Antonelli,4,5
2025,5,Lewis Hamilton,4,6
2025,5,Carlos Sainz,4,7
2025,5,Lando Norris,4,8
2025,5,Alexander Albon,4,9
2025,5,Isack Hadjar,4,10
2025,5,Fernando Alonso,4,11
2025,5,Liam Lawson,4,12
2025,5,Oliver Bearman,4,13
2025,5,Lance Stroll,4,14
2025,5,Nico Hülkenberg,4,15
2025,5,Jack Doohan,4,16
2025,5,Esteban Ocon,4,17
2025,5,Gabriel Bortoleto,4,18
2025,5,Max Verstappen,5,1
2025,5,Oscar Piastri,5,2
2025,5,George Russell,5,3
2025,5,Charles Leclerc,5,4
2025,5,Andrea Kimi Antonelli,5,5
2025,5,Lewis Hamilton,5,6
2025,5,Carlos Sainz,5,7
2025,5,Lando Norris,5,8
2025,5,Alexander Albon,5,9
2025,5,Isack Hadjar,5,10
2025,5,Fernando Alonso,5,11
2025,5,Liam Lawson,5,12
2025,5,Oliver Bearman,5,13
2025,5,Lance Stroll,5,14
2025,5,Nico Hülkenberg,5,15
2025,5,Jack Doohan,5,16
2025,5,Esteban Ocon,5,17
2025,5,Gabriel Bortoleto,5,18
2025,5,Max Verstappen,6,1
2025,5,Oscar Piastri,6,2
2025,5,George Russell,6,3
2025,5,Charles Leclerc,6,4
2025,5,Andrea Kimi Antonelli,6,5
2025,5,Lewis Hamilton,6,6
2025,5,Carlos Sainz,6,7
2025,5,Lando Norris,6,8
2025,5,Alexander Albon,6,9
2025,5,Isack Hadjar,6,10
2025,5,Fernando Alonso,6,11
2025,5,Liam Lawson,6,12
2025,5,Oliver Bearman,6,13
2025,5,Lance Stroll,6,14
2025,5,Nico Hülkenberg,6,15
2025,5,Jack Doohan,6,16
2025,5,Esteban Ocon,6,17
2025,5,Gabriel Bortoleto,6,18
2025,5,Max Verstappen,7,1
2025,5,Oscar Piastri,7,2
2025,5,George Russell,7,3
2025,5,Charles Leclerc,7,4
2025,5,Andrea Kimi Antonelli,7,5
2025,5,Lewis Hamilton,7,6
2025,5,Lando Norris,7,7
2025,5,Carlos Sainz,7,8
2025,5,Alexander Albon,7,9
2025,5,Isack Hadjar,7,10
2025,5,Fernando Alonso,7,11
2025,5,Liam Lawson,7,12
2025,5,Oliver Bearman,7,13
2025,5,Lance Stroll,7,14
2025,5,Nico Hülkenberg,7,15
2025,5,Jack Doohan,7,16
2025,5,Esteban Ocon,7,17
2025,5,Gabriel Bortoleto,7,18
2025,5,Max Verstappen,8,1
2025,5,Oscar Piastri,8,2
2025,5,George Russell,8,3
2025,5,Charles Leclerc,8,4
2025,5,Andrea Kimi Antonelli,8,5
2025,5,Lewis Hamilton,8,6
2025,5,Lando Norris,8,7
2025,5,Carlos Sainz,8,8
2025,5,Alexander Albon,8,9
2025,5,Isack Hadjar,8,10
2025,5,Fernando Alonso,8,11
2025,5,Liam Lawson,8,12
2025,5,Oliver Bearman,8,13
2025,5,Lance Stroll,8,14
2025,5,Nico Hülkenberg,8,15
2025,5,Jack Doohan,8,16
2025,5,Esteban Ocon,8,17
2025,5,Gabriel Bortoleto,8,18
2025,5,Max Verstappen,9,1
2025,5,Oscar Piastri,9,2
2025,5,George Russell,9,3
2025,5,Charles Leclerc,9,4
2025,5,Andrea Kimi Antonelli,9,5
2025,5,Lewis Hamilton,9,6
2025,5,Lando Norris,9,7
2025,5,Carlos Sainz,9,8
2025,5,Alexander Albon,9,9
2025,5,Isack Hadjar,9,10
2025,5,Fernando Alonso,9,11
2025,5,Liam Lawson,9,12
2025,5,Oliver Bearman,9,13
2025,5,Lance Stroll,9,14
2025,5,Nico Hülkenberg,9,15
2025,5,Jack Doohan,9,16
2025,5,Esteban Ocon,9,17
2025,5,Gabriel Bortoleto,9,18
2025,5,Max Verstappen,10,1
2025,5,Oscar Piastri,10,2
2025,5,George Russell,10,3
2025,5,Charles Leclerc,10,4
2025,5,Andrea Kimi Antonelli,10,5
2025,5,Lewis Hamilton,10,6
2025,5,Lando Norris,10,7
2025,5,Carlos Sainz,10,8
2025,5,Alexander Albon,10,9
2025,5,Isack Hadjar,10,10
2025,5,Fernando Alonso,10,11
2025,5,Liam Lawson,10,12
2025,5,Oliver Bearman,10,13
2025,5,Lance Stroll,10,14
2025,5,Nico Hülkenberg,10,15
2025,5,Jack Doohan,10,16
2025,5,Esteban Ocon,10,17
2025,5,Gabriel Bortoleto,10,18
2025,5,Max Verstappen,11,1
2025,5,Oscar Piastri,11,2
2025,5,George Russell,11,3
2025,5,Charles Leclerc,11,4
2025,5,Andrea Kimi Antonelli,11,5
2025,5,Lewis Hamilton,11,6
2025,5,Lando Norris,11,7
2025,5,Carlos Sainz,11,8
2025,5,Alexander Albon,11,9
2025,5,Isack Hadjar,11,10
2025,5,Fernando Alonso,11,11
2025,5,Liam Lawson,11,12
2025,5,Oliver Bearman,11,13
2025,5,Lance Stroll,11,14
2025,5,Nico Hülkenberg,11,15
2025,5,Jack Doohan,11,16
2025,5,Esteban Ocon,11,17
2025,5,Gabriel Bortoleto,11,18
2025,5,Max Verstappen,12,1
2025,5,Oscar Piastri,12,2
2025,5,George Russell,12,3
2025,5,Charles Leclerc,12,4
2025,5,Andrea Kimi Antonelli,12,5
2025,5,Lando Norris,12,6
2025,5,Lewis Hamilton,12,7
2025,5,Carlos Sainz,12,8
2025,5,Alexander Albon,12,9
2025,5,Isack Hadjar,12,10
2025,5,Fernando Alonso,12,11
2025,5,Liam Lawson,12,12
2025,5,Oliver Bearman,12,13
2025,5,Lance Stroll,12,14
2025,5,Nico Hülkenberg,12,15
2025,5,Jack Doohan,12,16
2025,5,Esteban Ocon,12,17
2025,5,Gabriel Bortoleto,12,18
2025,5,Max Verstappen,13,1
2025,5,Oscar Piastri,13,2
2025,5,George Russell,13,3
2025,5,Charles Leclerc,13,4
2025,5,Andrea Kimi Antonelli,13,5
2025,5,Lando Norris,13,6
2025,5,Lewis Hamilton,13,7
2025,5,Carlos Sainz,13,8
2025,5,Alexander Albon,13,9
2025,5,Isack Hadjar,13,10
2025,5,Fernando Alonso,13,11
2025,5,Liam Lawson,13,12
2025,5,Oliver Bearman,13,13
2025,5,Lance Stroll,13,14
2025,5,Nico Hülkenberg,13,15
2025,5,Jack Doohan,13,16
2025,5,Esteban Ocon,13,17
2025,5,Gabriel Bortoleto,13,18
2025,5,Max Verstappen,14,1
2025,5,Oscar Piastri,14,2
2025,5,George Russell,14,3
2025,5,Charles Leclerc,14,4
2025,5,Andrea Kimi Antonelli,14,5
2025,5,Lewis Hamilton,14,6
2025,5,Lando Norris,14,7
2025,5,Carlos Sainz,14,8
2025,5,Alexander Albon,14,9
2025,5,Isack Hadjar,14,10
2025,5,Fernando Alonso,14,11
2025,5,Liam Lawson,14,12
2025,5,Oliver Bearman,14,13
2025,5,Lance Stroll,14,14
2025,5,Nico Hülkenberg,14,15
2025,5,Jack Doohan,14,16
2025,5,Esteban Ocon,14,17
2025,5,Gabriel Bortoleto,14,18
2025,5,Max Verstappen,15,1
2025,5,Oscar Piastri,15,2
2025,5,George Russell,15,3
2025,5,Charles Leclerc,15,4
2025,5,Andrea Kimi Antonelli,15,5
2025,5,Lando Norris,15,6
2025,5,Lewis Hamilton,15,7
2025,5,Carlos Sainz,15,8
2025,5,Alexander Albon,15,9
2025,5,Isack Hadjar,15,10
2025,5,Liam Lawson,15,11
2025,5,Fernando Alonso,15,12
2025,5,Oliver Bearman,15,13
2025,5,Lance Stroll,15,14
2025,5,Nico Hülkenberg,15,15
2025,5,Jack Doohan,15,16
2025,5,Esteban Ocon,15,17
2025,5,Gabriel Bortoleto,15,18
2025,5,Max Verstappen,16,1
2025,5,Oscar Piastri,16,2
2025,5,George Russell,16,3
2025,5,Charles Leclerc,16,4
2025,5,Andrea Kimi Antonelli,16,5
2025,5,Lando Norris,16,6
2025,5,Lewis Hamilton,16,7
2025,5,Carlos Sainz,16,8
2025,5,Alexander Albon,16,9
2025,5,Isack Hadjar,16,10
2025,5,Liam Lawson,16,11
2025,5,Fernando Alonso,16,12
2025,5,Oliver Bearman,16,13
2025,5,Lance Stroll,16,14
2025,5,Nico Hülkenberg,16,15
2025,5,Jack Doohan,16,16
2025,5,Esteban Ocon,16,17
2025,5,Gabriel Bortoleto,16,18
2025,5,Max Verstappen,17,1
2025,5,Oscar Piastri,17,2
2025,5,George Russell,17,3
2025,5,Charles Leclerc,17,4
2025,5,Andrea Kimi Antonelli,17,5
2025,5,Lando Norris,17,6
2025,5,Lewis Hamilton,17,7
2025,5,Carlos Sainz,17,8
2025,5,Alexander Albon,17,9
2025,5,Isack Hadjar,17,10
2025,5,Liam Lawson,17,11
2025,5,Fernando Alonso,17,12
2025,5,Oliver Bearman,17,13
2025,5,Lance Stroll,17,14
2025,5,Nico Hülkenberg,17,15
2025,5,Jack Doohan,17,16
2025,5,Esteban Ocon,17,17
2025,5,Gabriel Bortoleto,17,18
2025,5,Max Verstappen,18,1
2025,5,Oscar Piastri,18,2
2025,5,George Russell,18,3
2025,5,Charles Leclerc,18,4
2025,5,Andrea Kimi Antonelli,18,5
2025,5,Lando Norris,18,6
2025,5,Lewis Hamilton,18,7
2025,5,Carlos Sainz,18,8
2025,5,Alexander Albon,18,9
2025,5,Isack Hadjar,18,10
2025,5,Liam Lawson,18,11
2025,5,Fernando Alonso,18,12
2025,5,Lance Stroll,18,13
2025,5,Oliver Bearman,18,14
2025,5,Nico Hülkenberg,18,15
2025,5,Jack Doohan,18,16
2025,5,Esteban Ocon,18,17
2025,5,Gabriel Bortoleto,18,18
2025,5,Max Verstappen,19,1
2025,5,Oscar Piastri,19,2
2025,5,George Russell,19,3
2025,5,Charles Leclerc,19,4
2025,5,Lando Norris,19,5
2025,5,Lewis Hamilton,19,6
2025,5,Andrea Kimi Antonelli,19,7
2025,5,Carlos Sainz,19,8
2025,5,Alexander Albon,19,9
2025,5,Isack Hadjar,19,10
2025,5,Liam Lawson,19,11
2025,5,Fernando Alonso,19,12
2025,5,Lance Stroll,19,13
2025,5,Nico Hülkenberg,19,14
2025,5,Jack Doohan,19,15
2025,5,Esteban Ocon,19,16
2025,5,Gabriel Bortoleto,19,17
2025,5,Oliver Bearman,19,18
2025,5,Max Verstappen,20,1
2025,5,Charles Leclerc,20,2
2025,5,George Russell,20,3
2025,5,Lando Norris,20,4
2025,5,Lewis Hamilton,20,5
2025,5,Oscar Piastri,20,6
2025,5,Carlos Sainz,20,7
2025,5,Alexander Albon,20,8
2025,5,Isack Hadjar,20,9
2025,5,Liam Lawson,20,10
2025,5,Andrea Kimi Antonelli,20,11
2025,5,Lance Stroll,20,12
2025,5,Nico Hülkenberg,20,13
2025,5,Jack Doohan,20,14
2025,5,Esteban Ocon,20,15
2025,5,Gabriel Bortoleto,20,16
2025,5,Fernando Alonso,20,17
2025,5,Oliver Bearman,20,18
2025,5,Max Verstappen,21,1
2025,5,Charles Leclerc,21,2
2025,5,Lando Norris,21,3
2025,5,Oscar Piastri,21,4
2025,5,Lewis Hamilton,21,5
2025,5,George Russell,21,6
2025,5,Carlos Sainz,21,7
2025,5,Alexander Albon,21,8
2025,5,Isack Hadjar,21,9
2025,5,Andrea Kimi Antonelli,21,10
2025,5,Lance Stroll,21,11
2025,5,Nico Hülkenberg,21,12
2025,5,Esteban Ocon,21,13
2025,5,Jack Doohan,21,14
2025,5,Gabriel Bortoleto,21,15
2025,5,Liam Lawson,21,16
2025,5,Fernando Alonso,21,17
2025,5,Oliver Bearman,21,18
2025,5,Charles Leclerc,22,1
2025,5,Lando Norris,22,2
2025,5,Oscar Piastri,22,3
2025,5,Lewis Hamilton,22,4
2025,5,Max Verstappen,22,5
2025,5,George Russell,22,6
2025,5,Isack Hadjar,22,7
2025,5,Alexander Albon,22,8
2025,5,Andrea Kimi Antonelli,22,9
2025,5,Lance Stroll,22,10
2025,5,Nico Hülkenberg,22,11
2025,5,Esteban Ocon,22,12
2025,5,Jack Doohan,22,13
2025,5,Carlos Sainz,22,14
2025,5,Gabriel Bortoleto,22,15
2025,5,Liam Lawson,22,16
2025,5,Fernando Alonso,22,17
2025,5,Oliver Bearman,22,18
2025,5,Charles Leclerc,23,1
2025,5,Lando Norris,23,2
2025,5,Oscar Piastri,23,3
2025,5,Max Verstappen,23,4
2025,5,George Russell,23,5
2025,5,Lewis Hamilton,23,6
2025,5,Isack Hadjar,23,7
2025,5,Andrea Kimi Antonelli,23,8
2025,5,Lance Stroll,23,9
2025,5,Nico Hülkenberg,23,10
2025,5,Esteban Ocon,23,11
2025,5,Jack Doohan,23,12
2025,5,Carlos Sainz,23,13
2025,5,Alexander Albon,23,14
2025,5,Gabriel Bortoleto,23,15
2025,5,Liam Lawson,23,16
2025,5,Fernando Alonso,23,17
2025,5,Oliver Bearman,23,18
2025,5,Charles Leclerc,24,1
2025,5,Lando Norris,24,2
2025,5,Oscar Piastri,24,3
2025,5,Max Verstappen,24,4
2025,5,George Russell,24,5
2025,5,Isack Hadjar,24,6
2025,5,Andrea Kimi Antonelli,24,7
2025,5,Lewis Hamilton,24,8
2025,5,Lance Stroll,24,9
2025,5,Nico Hülkenberg,24,10
2025,5,Esteban Ocon,24,11
2025,5,Carlos Sainz,24,12
2025,5,Jack Doohan,24,13
2025,5,Alexander Albon,24,14
2025,5,Gabriel Bortoleto,24,15
2025,5,Liam Lawson,24,16
2025,5,Fernando Alonso,24,17
2025,5,Oliver Bearman,24,18
2025,5,Charles Leclerc,25,1
2025,5,Lando Norris,25,2
2025,5,Oscar Piastri,25,3
2025,5,Max Verstappen,25,4
2025,5,George Russell,25,5
2025,5,Isack Hadjar,25,6
2025,5,Andrea Kimi Antonelli,25,7
2025,5,Lewis Hamilton,25,8
2025,5,Lance Stroll,25,9
2025,5,Nico Hülkenberg,25,10
2025,5,Esteban Ocon,25,11
2025,5,Carlos Sainz,25,12
2025,5,Alexander Albon,25,13
2025,5,Jack Doohan,25,14
2025,5,Liam Lawson,25,15
2025,5,Gabriel Bortoleto,25,16
2025,5,Fernando Alonso,25,17
2025,5,Oliver Bearman,25,18
2025,5,Charles Leclerc,26,1
2025,5,Lando Norris,26,2
2025,5,Oscar Piastri,26,3
2025,5,Max Verstappen,26,4
2025,5,George Russell,26,5
2025,5,Isack Hadjar,26,6
2025,5,Andrea Kimi Antonelli,26,7
2025,5,Lewis Hamilton,26,8
2025,5,Lance Stroll,26,9
2025,5,Nico Hülkenberg,26,10
2025,5,Carlos Sainz,26,11
2025,5,Esteban Ocon,26,12
2025,5,Alexander Albon,26,13
2025,5,Jack Doohan,26,14
2025,5,Liam Lawson,26,15
2025,5,Fernando Alonso,26,16
2025,5,Gabriel Bortoleto,26,17
2025,5,Oliver Bearman,26,18
2025,5,Charles Leclerc,27,1
2025,5,Lando Norris,27,2
2025,5,Oscar Piastri,27,3
2025,5,Max Verstappen,27,4
2025,5,George Russell,27,5
2025,5,Isack Hadjar,27,6
2025,5,Andrea Kimi Antonelli,27,7
2025,5,Lewis Hamilton,27,8
2025,5,Lance Stroll,27,9
2025,5,Nico Hülkenberg,27,10
2025,5,Carlos Sainz,27,11
2025,5,Esteban Ocon,27,12
2025,5,Alexander Albon,27,13
2025,5,Jack Doohan,27,14
2025,5,Liam Lawson,27,15
2025,5,Fernando Alonso,27,16
2025,5,Oliver Bearman,27,17
2025,5,Gabriel Bortoleto,27,18
2025,5,Charles Leclerc,28,1
2025,5,Lando Norris,28,2
2025,5,Oscar Piastri,28,3
2025,5,Max Verstappen,28,4
2025,5,George Russell,28,5
2025,5,Isack Hadjar,28,6
2025,5,Andrea Kimi Antonelli,28,7
2025,5,Lewis Hamilton,28,8
2025,5,Lance Stroll,28,9
2025,5,Carlos Sainz,28,10
2025,5,Nico Hülkenberg,28,11
2025,5,Alexander Albon,28,12
2025,5,Esteban Ocon,28,13
2025,5,Liam Lawson,28,14
2025,5,Jack Doohan,28,15
2025,5,Fernando Alonso,28,16
2025,5,Oliver Bearman,28,17
2025,5,Gabriel Bortoleto,28,18
2025,5,Charles Leclerc,29,1
2025,5,Lando Norris,29,2
2025,5,Oscar Piastri,29,3
2025,5,Max Verstappen,29,4
2025,5,George Russell,29,5
2025,5,Isack Hadjar,29,6
2025,5,Andrea Kimi Antonelli,29,7
2025,5,Lewis Hamilton,29,8
2025,5,Lance Stroll,29,9
2025,5,Carlos Sainz,29,10
2025,5,Alexander Albon,29,11
2025,5,Nico Hülkenberg,29,12
2025,5,Esteban Ocon,29,13
2025,5,Liam Lawson,29,14
2025,5,Fernando Alonso,29,15
2025,5,Jack Doohan,29,16
2025,5,Oliver Bearman,29,17
2025,5,Gabriel Bortoleto,29,18
2025,5,Lando Norris,30,1
2025,5,Oscar Piastri,30,2
2025,5,Max Verstappen,30,3
2025,5,George Russell,30,4
2025,5,Charles Leclerc,30,5
2025,5,Andrea Kimi Antonelli,30,6
2025,5,Isack Hadjar,30,7
2025,5,Lewis Hamilton,30,8
2025,5,Lance Stroll,30,9
2025,5,Carlos Sainz,30,10
2025,5,Alexander Albon,30,11
2025,5,Nico Hülkenberg,30,12
2025,5,Esteban Ocon,30,13
2025,5,Liam Lawson,30,14
2025,5,Fernando Alonso,30,15
2025,5,Jack Doohan,30,16
2025,5,Oliver Bearman,30,17
2025,5,Gabriel Bortoleto,30,18
2025,5,Lando Norris,31,1
2025,5,Oscar Piastri,31,2
2025,5,Max Verstappen,31,3
2025,5,George Russell,31,4
2025,5,Charles Leclerc,31,5
2025,5,Andrea Kimi Antonelli,31,6
2025,5,Isack Hadjar,31,7
2025,5,Lewis Hamilton,31,8
2025,5,Carlos Sainz,31,9
2025,5,Alexander Albon,31,10
2025,5,Lance Stroll,31,11
2025,5,Nico Hülkenberg,31,12
2025,5,Esteban Ocon,31,13
2025,5,Liam Lawson,31,14
2025,5,Fernando Alonso,31,15
2025,5,Oliver Bearman,31,16
2025,5,Jack Doohan,31,17
2025,5,Gabriel Bortoleto,31,18
2025,5,Lando Norris,32,1
2025,5,Oscar Piastri,32,2
2025,5,Max Verstappen,32,3
2025,5,George Russell,32,4
2025,5,Charles Leclerc,32,5
2025,5,Andrea Kimi Antonelli,32,6
2025,5,Isack Hadjar,32,7
2025,5,Lewis Hamilton,32,8
2025,5,Carlos Sainz,32,9
2025,5,Alexander Albon,32,10
2025,5,Lance Stroll,32,11
2025,5,Nico Hülkenberg,32,12
2025,5,Esteban Ocon,32,13
2025,5,Liam Lawson,32,14
2025,5,Fernando Alonso,32,15
2025,5,Oliver Bearman,32,16
2025,5,Gabriel Bortoleto,32,17
2025,5,Jack Doohan,32,18
2025,5,Lando Norris,33,1
2025,5,Oscar Piastri,33,2
2025,5,Max Verstappen,33,3
2025,5,George Russell,33,4
2025,5,Charles Leclerc,33,5
2025,5,Andrea Kimi Antonelli,33,6
2025,5,Isack Hadjar,33,7
2025,5,Lewis Hamilton,33,8
2025,5,Carlos Sainz,33,9
2025,5,Alexander Albon,33,10
2025,5,Lance Stroll,33,11
2025,5,Liam Lawson,33,12
2025,5,Esteban Ocon,33,13
2025,5,Fernando Alonso,33,14
2025,5,Nico Hülkenberg,33,15
2025,5,Oliver Bearman,33,16
2025,5,Gabriel Bortoleto,33,17
2025,5,Jack Doohan,33,18
2025,5,Oscar Piastri,34,1
2025,5,Lando Norris,34,2
2025,5,Max Verstappen,34,3
2025,5,George Russell,34,4
2025,5,Charles Leclerc,34,5
2025,5,Andrea Kimi Antonelli,34,6
2025,5,Lewis Hamilton,34,7
2025,5,Isack Hadjar,34,8
2025,5,Carlos Sainz,34,9
2025,5,Alexander Albon,34,10
2025,5,Lance Stroll,34,11
2025,5,Liam Lawson,34,12
2025,5,Fernando Alonso,34,13
2025,5,Esteban Ocon,34,14
2025,5,Oliver Bearman,34,15
2025,5,Gabriel Bortoleto,34,16
2025,5,Nico Hülkenberg,34,17
2025,5,Jack Doohan,34,18
2025,5,Oscar Piastri,35,1
2025,5,Max Verstappen,35,2
2025,5,George Russell,35,3
2025,5,Charles Leclerc,35,4
2025,5,Lando Norris,35,5
2025,5,Andrea Kimi Antonelli,35,6
2025,5,Lewis Hamilton,35,7
2025,5,Carlos Sainz,35,8
2025,5,Alexander Albon,35,9
2025,5,Isack Hadjar,35,10
2025,5,Lance Stroll,35,11
2025,5,Liam Lawson,35,12
2025,5,Fernando Alonso,35,13
2025,5,Esteban Ocon,35,14
2025,5,Oliver Bearman,35,15
2025,5,Gabriel Bortoleto,35,16
2025,5,Nico Hülkenberg,35,17
2025,5,Jack Doohan,35,18
2025,5,Oscar Piastri,36,1
2025,5,Max Verstappen,36,2
2025,5,George Russell,36,3
2025,5,Charles Leclerc,36,4
2025,5,Lando Norris,36,5
2025,5,Andrea Kimi Antonelli,36,6
2025,5,Lewis Hamilton,36,7
2025,5,Carlos Sainz,36,8
2025,5,Alexander Albon,36,9
2025,5,Isack Hadjar,36,10
2025,5,Lance Stroll,36,11
2025,5,Liam Lawson,36,12
2025,5,Fernando Alonso,36,13
2025,5,Esteban Ocon,36,14
2025,5,Oliver Bearman,36,15
2025,5,Gabriel Bortoleto,36,16
2025,5,Nico Hülkenberg,36,17
2025,5,Jack Doohan,36,18
2025,5,Oscar Piastri,37,1
2025,5,Max Verstappen,37,2
2025,5,George Russell,37,3
2025,5,Charles Leclerc,37,4
2025,5,Lando Norris,37,5
2025,5,Andrea Kimi Antonelli,37,6
2025,5,Lewis Hamilton,37,7
2025,5,Carlos Sainz,37,8
2025,5,Alexander Albon,37,9
2025,5,Isack Hadjar,37,10
2025,5,Liam Lawson,37,11
2025,5,Lance Stroll,37,12
2025,5,Fernando Alonso,37,13
2025,5,Esteban Ocon,37,14
2025,5,Oliver Bearman,37,15
2025,5,Gabriel Bortoleto,37,16
2025,5,Nico Hülkenberg,37,17
2025,5,Jack Doohan,37,18
2025,5,Oscar Piastri,38,1
2025,5,Max Verstappen,38,2
2025,5,Charles Leclerc,38,3
2025,5,George Russell,38,4
2025,5,Lando Norris,38,5
2025,5,Andrea Kimi Antonelli,38,6
2025,5,Lewis Hamilton,38,7
2025,5,Carlos Sainz,38,8
2025,5,Alexander Albon,38,9
2025,5,Isack Hadjar,38,10
2025,5,Liam Lawson,38,11
2025,5,Lance Stroll,38,12
2025,5,Fernando Alonso,38,13
2025,5,Esteban Ocon,38,14
2025,5,Oliver Bearman,38,15
2025,5,Gabriel Bortoleto,38,16
2025,5,Nico Hülkenberg,38,17
2025,5,Jack Doohan,38,18
2025,5,Oscar Piastri,39,1
2025,5,Max Verstappen,39,2
2025,5,Charles Leclerc,39,3
2025,5,George Russell,39,4
2025,5,Lando Norris,39,5
2025,5,Andrea Kimi Antonelli,39,6
2025,5,Lewis Hamilton,39,7
2025,5,Carlos Sainz,39,8
2025,5,Alexander Albon,39,9
2025,5,Isack Hadjar,39,10
2025,5,Liam Lawson,39,11
2025,5,Fernando Alonso,39,12
2025,5,Esteban Ocon,39,13
2025,5,Oliver Bearman,39,14
2025,5,Lance Stroll,39,15
2025,5,Gabriel Bortoleto,39,16
2025,5,Nico Hülkenberg,39,17
2025,5,Jack Doohan,39,18
2025,5,Oscar Piastri,40,1
2025,5,Max Verstappen,40,2
2025,5,Charles Leclerc,40,3
2025,5,George Russell,40,4
2025,5,Lando Norris,40,5
2025,5,Andrea Kimi Antonelli,40,6
2025,5,Lewis Hamilton,40,7
2025,5,Carlos Sainz,40,8
2025,5,Alexander Albon,40,9
2025,5,Isack Hadjar,40,10
2025,5,Liam Lawson,40,11
2025,5,Fernando Alonso,40,12
2025,5,Oliver Bearman,40,13
2025,5,Esteban Ocon,40,14
2025,5,Gabriel Bortoleto,40,15
2025,5,Nico Hülkenberg,40,16
2025,5,Lance Stroll,40,17
2025,5,Jack Doohan,40,18
2025,5,Oscar Piastri,41,1
2025,5,Max Verstappen,41,2
2025,5,Charles Leclerc,41,3
2025,5,Lando Norris,41,4
2025,5,George Russell,41,5
2025,5,Andrea Kimi Antonelli,41,6
2025,5,Lewis Hamilton,41,7
2025,5,Carlos Sainz,41,8
2025,5,Alexander Albon,41,9
2025,5,Isack Hadjar,41,10
2025,5,Liam Lawson,41,11
2025,5,Fernando Alonso,41,12
2025,5,Oliver Bearman,41,13
2025,5,Esteban Ocon,41,14
2025,5,Gabriel Bortoleto,41,15
2025,5,Nico Hülkenberg,41,16
2025,5,Lance Stroll,41,17
2025,5,Jack Doohan,41,18
2025,5,Oscar Piastri,42,1
2025,5,Max Verstappen,42,2
2025,5,Charles Leclerc,42,3
2025,5,Lando Norris,42,4
2025,5,George Russell,42,5
2025,5,Andrea Kimi Antonelli,42,6
2025,5,Lewis Hamilton,42,7
2025,5,Carlos Sainz,42,8
2025,5,Alexander Albon,42,9
2025,5,Isack Hadjar,42,10
2025,5,Liam Lawson,42,11
2025,5,Fernando Alonso,42,12
2025,5,Oliver Bearman,42,13
2025,5,Esteban Ocon,42,14
2025,5,Nico Hülkenberg,42,15
2025,5,Gabriel Bortoleto,42,16
2025,5,Lance Stroll,42,17
2025,5,Jack Doohan,42,18
2025,5,Oscar Piastri,43,1
2025,5,Max Verstappen,43,2
2025,5,Charles Leclerc,43,3
2025,5,Lando Norris,43,4
2025,5,George Russell,43,5
2025,5,Andrea Kimi Antonelli,43,6
2025,5,Lewis Hamilton,43,7
2025,5,Carlos Sainz,43,8
2025,5,Alexander Albon,43,9
2025,5,Isack Hadjar,43,10
2025,5,Liam Lawson,43,11
2025,5,Fernando Alonso,43,12
2025,5,Oliver Bearman,43,13
2025,5,Esteban Ocon,43,14
2025,5,Nico Hülkenberg,43,15
2025,5,Gabriel Bortoleto,43,16
2025,5,Lance Stroll,43,17
2025,5,Jack Doohan,43,18
2025,5,Oscar Piastri,44,1
2025,5,Max Verstappen,44,2
2025,5,Charles Leclerc,44,3
2025,5,Lando Norris,44,4
2025,5,George Russell,44,5
2025,5,Andrea Kimi Antonelli,44,6
2025,5,Lewis Hamilton,44,7
2025,5,Carlos Sainz,44,8
2025,5,Alexander Albon,44,9
2025,5,Isack Hadjar,44,10
2025,5,Liam Lawson,44,11
2025,5,Fernando Alonso,44,12
2025,5,Oliver Bearman,44,13
2025,5,Esteban Ocon,44,14
2025,5,Nico Hülkenberg,44,15
2025,5,Gabriel Bortoleto,44,16
2025,5,Lance Stroll,44,17
2025,5,Jack Doohan,44,18
2025,5,Oscar Piastri,45,1
2025,5,Max Verstappen,45,2
2025,5,Charles Leclerc,45,3
2025,5,Lando Norris,45,4
2025,5,George Russell,45,5
2025,5,Andrea Kimi Antonelli,45,6
2025,5,Lewis Hamilton,45,7
2025,5,Carlos Sainz,45,8
2025,5,Alexander Albon,45,9
2025,5,Isack Hadjar,45,10
2025,5,Liam Lawson,45,11
2025,5,Fernando Alonso,45,12
2025,5,Oliver Bearman,45,13
2025,5,Esteban Ocon,45,14
2025,5,Nico Hülkenberg,45,15
2025,5,Gabriel Bortoleto,45,16
2025,5,Lance Stroll,45,17
2025,5,Jack Doohan,45,18
2025,5,Oscar Piastri,46,1
2025,5,Max Verstappen,46,2
2025,5,Charles Leclerc,46,3
2025,5,Lando Norris,46,4
2025,5,George Russell,46,5
2025,5,Andrea Kimi Antonelli,46,6
2025,5,Lewis Hamilton,46,7
2025,5,Carlos Sainz,46,8
2025,5,Alexander Albon,46,9
2025,5,Isack Hadjar,46,10
2025,5,Liam Lawson,46,11
2025,5,Fernando Alonso,46,12
2025,5,Oliver Bearman,46,13
2025,5,Esteban Ocon,46,14
2025,5,Nico Hülkenberg,46,15
2025,5,Lance Stroll,46,16
2025,5,Gabriel Bortoleto,46,17
2025,5,Jack Doohan,46,18
2025,5,Oscar Piastri,47,1
2025,5,Max Verstappen,47,2
2025,5,Charles Leclerc,47,3
2025,5,Lando Norris,47,4
2025,5,George Russell,47,5
2025,5,Andrea Kimi Antonelli,47,6
2025,5,Lewis Hamilton,47,7
2025,5,Carlos Sainz,47,8
2025,5,Alexander Albon,47,9
2025,5,Isack Hadjar,47,10
2025,5,Liam Lawson,47,11
2025,5,Fernando Alonso,47,12
2025,5,Oliver Bearman,47,13
2025,5,Esteban Ocon,47,14
2025,5,Nico Hülkenberg,47,15
2025,5,Lance Stroll,47,16
2025,5,Gabriel Bortoleto,47,17
2025,5,Jack Doohan,47,18
2025,5,Oscar Piastri,48,1
2025,5,Max Verstappen,48,2
2025,5,Charles Leclerc,48,3
2025,5,Lando Norris,48,4
2025,5,George Russell,48,5
2025,5,Andrea Kimi Antonelli,48,6
2025,5,Lewis Hamilton,48,7
2025,5,Carlos Sainz,48,8
2025,5,Alexander Albon,48,9
2025,5,Isack Hadjar,48,10
2025,5,Liam Lawson,48,11
2025,5,Fernando Alonso,48,12
2025,5,Oliver Bearman,48,13
2025,5,Esteban Ocon,48,14
2025,5,Nico Hülkenberg,48,15
2025,5,Lance Stroll,48,16
2025,5,Gabriel Bortoleto,48,17
2025,5,Jack Doohan,48,18
2025,5,Oscar Piastri,49,1
2025,5,Max Verstappen,49,2
2025,5,Charles Leclerc,49,3
2025,5,Lando Norris,49,4
2025,5,George Russell,49,5
2025,5,Andrea Kimi Antonelli,49,6
2025,5,Lewis Hamilton,49,7
2025,5,Carlos Sainz,49,8
2025,5,Alexander Albon,49,9
2025,5,Isack Hadjar,49,10
2025,5,Liam Lawson,49,11
2025,5,Fernando Alonso,49,12
2025,5,Oliver Bearman,49,13
2025,5,Esteban Ocon,49,14
2025,5,Nico Hülkenberg,49,15
2025,5,Lance Stroll,49,16
2025,5,Jack Doohan,49,17
2025,5,Gabriel Bortoleto,49,18
2025,5,Oscar Piastri,50,1
2025,5,Max Verstappen,50,2
2025,5,Charles Leclerc,50,3
2025,5,Lando Norris,50,4
2025,5,George Russell,50,5
2025,5,Andrea Kimi Antonelli,50,6
2025,5,Lewis Hamilton,50,7
2025,5,Carlos Sainz,50,8
2025,5,Alexander Albon,50,9
2025,5,Isack Hadjar,50,10
2025,5,Liam Lawson,50,11
2025,5,Fernando Alonso,50,12
2025,5,Oliver Bearman,50,13
2025,5,Esteban Ocon,50,14
2025,10,George Russell,1,1
2025,10,Max Verstappen,1,2
2025,10,Andrea Kimi Antonelli,1,3
2025,10,Oscar Piastri,1,4
2025,10,Lewis Hamilton,1,5
2025,10,Fernando Alonso,1,6
2025,10,Lando Norris,1,7
2025,10,Charles Leclerc,1,8
2025,10,Nico Hülkenberg,1,9
2025,10,Franco Colapinto,1,10
2025,10,Isack Hadjar,1,11
2025,10,Alexander Albon,1,12
2025,10,Oliver Bearman,1,13
2025,10,Esteban Ocon,1,14
2025,10,Gabriel Bortoleto,1,15
2025,10,Carlos Sainz,1,16
2025,10,Yuki Tsunoda,1,17
2025,10,Lance Stroll,1,18
2025,10,Liam Lawson,1,19
2025,10,Pierre Gasly,1,20
2025,10,George Russell,2,1
2025,10,Max Verstappen,2,2
2025,10,Andrea Kimi Antonelli,2,3
2025,10,Oscar Piastri,2,4
2025,10,Lewis Hamilton,2,5
2025,10,Fernando Alonso,2,6
2025,10,Lando Norris,2,7
2025,10,Charles Leclerc,2,8
2025,10,Nico Hülkenberg,2,9
2025,10,Franco Colapinto,2,10
2025,10,Isack Hadjar,2,11
2025,10,Alexander Albon,2,12
2025,10,Oliver Bearman,2,13
2025,10,Esteban Ocon,2,14
2025,10,Gabriel Bortoleto,2,15
2025,10,Carlos Sainz,2,16
2025,10,Yuki Tsunoda,2,17
2025,10,Lance Stroll,2,18
2025,10,Liam Lawson,2,19
2025,10,Pierre Gasly,2,20
2025,10,George Russell,3,1
2025,10,Max Verstappen,3,2
2025,10,Andrea Kimi Antonelli,3,3
2025,10,Oscar Piastri,3,4
2025,10,Lewis Hamilton,3,5
2025,10,Fernando Alonso,3,6
2025,10,Lando Norris,3,7
2025,10,Charles Leclerc,3,8
2025,10,Nico Hülkenberg,3,9
2025,10,Franco Colapinto,3,10
2025,10,Isack Hadjar,3,11
2025,10,Alexander Albon,3,12
2025,10,Oliver Bearman,3,13
2025,10,Esteban Ocon,3,14
2025,10,Gabriel Bortoleto,3,15
2025,10,Carlos Sainz,3,16
2025,10,Yuki Tsunoda,3,17
2025,10,Lance Stroll,3,18
2025,10,Liam Lawson,3,19
2025,10,Pierre Gasly,3,20
2025,10,George Russell,4,1
2025,10,Max Verstappen,4,2
2025,10,Andrea Kimi Antonelli,4,3
2025,10,Oscar Piastri,4,4
2025,10,Lewis Hamilton,4,5
2025,10,Fernando Alonso,4,6
2025,10,Lando Norris,4,7
2025,10,Charles Leclerc,4,8
2025,10,Nico Hülkenberg,4,9
2025,10,Franco Colapinto,4,10
2025,10,Isack Hadjar,4,11
2025,10,Alexander Albon,4,12
2025,10,Oliver Bearman,4,13
2025,10,Esteban Ocon,4,14
2025,10,Gabriel Bortoleto,4,15
2025,10,Carlos Sainz,4,16
2025,10,Yuki Tsunoda,4,17
2025,10,Lance Stroll,4,18
2025,10,Liam Lawson,4,19
2025,10,Pierre Gasly,4,20
2025,10,George Russell,5,1
2025,10,Max Verstappen,5,2
2025,10,Andrea Kimi Antonelli,5,3
2025,10,Oscar Piastri,5,4
2025,10,Lewis Hamilton,5,5
2025,10,Fernando Alonso,5,6
2025,10,Lando Norris,5,7
2025,10,Charles Leclerc,5,8
2025,10,Nico Hülkenberg,5,9
2025,10,Franco Colapinto,5,10
2025,10,Isack Hadjar,5,11
2025,10,Alexander Albon,5,12
2025,10,Oliver Bearman,5,13
2025,10,Esteban Ocon,5,14
2025,10,Gabriel Bortoleto,5,15
2025,10,Carlos Sainz,5,16
2025,10,Yuki Tsunoda,5,17
2025,10,Lance Stroll,5,18
2025,10,Liam Lawson,5,19
2025,10,Pierre Gasly,5,20
2025,10,George Russell,6,1
2025,10,Max Verstappen,6,2
2025,10,Andrea Kimi Antonelli,6,3
2025,10,Oscar Piastri,6,4
2025,10,Lewis Hamilton,6,5
2025,10,Fernando Alonso,6,6
2025,10,Lando Norris,6,7
2025,10,Charles Leclerc,6,8
2025,10,Nico Hülkenberg,6,9
2025,10,Franco Colapinto,6,10
2025,10,Isack Hadjar,6,11
2025,10,Alexander Albon,6,12
2025,10,Oliver Bearman,6,13
2025,10,Esteban Ocon,6,14
2025,10,Gabriel Bortoleto,6,15
2025,10,Carlos Sainz,6,16
2025,10,Yuki Tsunoda,6,17
2025,10,Lance Stroll,6,18
2025,10,Liam Lawson,6,19
2025,10,Pierre Gasly,6,20
2025,10,George Russell,7,1
2025,10,Max Verstappen,7,2
2025,10,Andrea Kimi Antonelli,7,3
2025,10,Oscar Piastri,7,4
2025,10,Lewis Hamilton,7,5
2025,10,Fernando Alonso,7,6
2025,10,Lando Norris,7,7
2025,10,Charles Leclerc,7,8
2025,10,Nico Hülkenberg,7,9
2025,10,Franco Colapinto,7,10
2025,10,Isack Hadjar,7,11
2025,10,Alexander Albon,7,12
2025,10,Oliver Bearman,7,13
2025,10,Esteban Ocon,7,14
2025,10,Gabriel Bortoleto,7,15
2025,10,Carlos Sainz,7,16
2025,10,Yuki Tsunoda,7,17
2025,10,Lance Stroll,7,18
2025,10,Liam Lawson,7,19
2025,10,Pierre Gasly,7,20
2025,10,George Russell,8,1
2025,10,Max Verstappen,8,2
2025,10,Andrea Kimi Antonelli,8,3
2025,10,Oscar Piastri,8,4
2025,10,Lewis Hamilton,8,5
2025,10,Fernando Alonso,8,6
2025,10,Lando Norris,8,7
2025,10,Charles Leclerc,8,8
2025,10,Nico Hülkenberg,8,9
2025,10,Franco Colapinto,8,10
2025,10,Isack Hadjar,8,11
2025,10,Alexander Albon,8,12
2025,10,Oliver Bearman,8,13
2025,10,Esteban Ocon,8,14
2025,10,Gabriel Bortoleto,8,15
2025,10,Carlos Sainz,8,16
2025,10,Yuki Tsunoda,8,17
2025,10,Lance Stroll,8,18
2025,10,Liam Lawson,8,19
2025,10,Pierre Gasly,8,20
2025,10,George Russell,9,1
2025,10,Max Verstappen,9,2
2025,10,Andrea Kimi Antonelli,9,3
2025,10,Oscar Piastri,9,4
2025,10,Lewis Hamilton,9,5
2025,10,Fernando Alonso,9,6
2025,10,Lando Norris,9,7
2025,10,Charles Leclerc,9,8
2025,10,Nico Hülkenberg,9,9
2025,10,Franco Colapinto,9,10
2025,10,Isack Hadjar,9,11
2025,10,Alexander Albon,9,12
2025,10,Oliver Bearman,9,13
2025,10,Esteban Ocon,9,14
2025,10,Gabriel Bortoleto,9,15
2025,10,Carlos Sainz,9,16
2025,10,Yuki Tsunoda,9,17
2025,10,Lance Stroll,9,18
2025,10,Liam Lawson,9,19
2025,10,Pierre Gasly,9,20
2025,10,George Russell,10,1
2025,10,Max Verstappen,10,2
2025,10,Andrea Kimi Antonelli,10,3
2025,10,Oscar Piastri,10,4
2025,10,Lewis Hamilton,10,5
2025,10,Fernando Alonso,10,6
2025,10,Lando Norris,10,7
2025,10,Charles Leclerc,10,8
2025,10,Nico Hülkenberg,10,9
2025,10,Franco Colapinto,10,10
2025,10,Isack Hadjar,10,11
2025,10,Alexander Albon,10,12
2025,10,Oliver Bearman,10,13
2025,10,Esteban Ocon,10,14
2025,10,Gabriel Bortoleto,10,15
2025,10,Carlos Sainz,10,16
2025,10,Yuki Tsunoda,10,17
2025,10,Lance Stroll,10,18
2025,10,Liam Lawson,10,19
2025,10,Pierre Gasly,10,20
2025,10,George Russell,11,1
2025,10,Max Verstappen,11,2
2025,10,Andrea Kimi Antonelli,11,3
2025,10,Oscar Piastri,11,4
2025,10,Lewis Hamilton,11,5
2025,10,Lando Norris,11,6
2025,10,Fernando Alonso,11,7
2025,10,Charles Leclerc,11,8
2025,10,Nico Hülkenberg,11,9
2025,10,Franco Colapinto,11,10
2025,10,Isack Hadjar,11,11
2025,10,Alexander Albon,11,12
2025,10,Oliver Bearman,11,13
2025,10,Esteban Ocon,11,14
2025,10,Gabriel Bortoleto,11,15
2025,10,Carlos Sainz,11,16
2025,10,Yuki Tsunoda,11,17
2025,10,Lance Stroll,11,18
2025,10,Liam Lawson,11,19
2025,10,Pierre Gasly,11,20
2025,10,George Russell,12,1
2025,10,Andrea Kimi Antonelli,12,2
2025,10,Oscar Piastri,12,3
2025,10,Lewis Hamilton,12,4
2025,10,Lando Norris,12,5
2025,10,Fernando Alonso,12,6
2025,10,Charles Leclerc,12,7
2025,10,Nico Hülkenberg,12,8
2025,10,Max Verstappen,12,9
2025,10,Franco Colapinto,12,10
2025,10,Alexander Albon,12,11
2025,10,Isack Hadjar,12,12
2025,10,Oliver Bearman,12,13
2025,10,Esteban Ocon,12,14
2025,10,Gabriel Bortoleto,12,15
2025,10,Carlos Sainz,12,16
2025,10,Yuki Tsunoda,12,17
2025,10,Lance Stroll,12,18
2025,10,Liam Lawson,12,19
2025,10,Pierre Gasly,12,20
2025,10,Andrea Kimi Antonelli,13,1
2025,10,Oscar Piastri,13,2
2025,10,Lewis Hamilton,13,3
2025,10,Lando Norris,13,4
2025,10,Charles Leclerc,13,5
2025,10,Fernando Alonso,13,6
2025,10,George Russell,13,7
2025,10,Nico Hülkenberg,13,8
2025,10,Max Verstappen,13,9
2025,10,Franco Colapinto,13,10
2025,10,Alexander Albon,13,11
2025,10,Esteban Ocon,13,12
2025,10,Oliver Bearman,13,13
2025,10,Gabriel Bortoleto,13,14
2025,10,Carlos Sainz,13,15
2025,10,Yuki Tsunoda,13,16
2025,10,Lance Stroll,13,17
2025,10,Liam Lawson,13,18
2025,10,Pierre Gasly,13,19
2025,10,Isack Hadjar,13,20
2025,10,Oscar Piastri,14,1
2025,10,Lewis Hamilton,14,2
2025,10,Lando Norris,14,3
2025,10,Charles Leclerc,14,4
2025,10,Fernando Alonso,14,5
2025,10,George Russell,14,6
2025,10,Nico Hülkenberg,14,7
2025,10,Max Verstappen,14,8
2025,10,Andrea Kimi Antonelli,14,9
2025,10,Alexander Albon,14,10
2025,10,Esteban Ocon,14,11
2025,10,Oliver Bearman,14,12
2025,10,Gabriel Bortoleto,14,13
2025,10,Carlos Sainz,14,14
2025,10,Yuki Tsunoda,14,15
2025,10,Lance Stroll,14,16
2025,10,Liam Lawson,14,17
2025,10,Pierre Gasly,14,18
2025,10,Franco Colapinto,14,19
2025,10,Isack Hadjar,14,20
2025,10,Oscar Piastri,15,1
2025,10,Lando Norris,15,2
2025,10,Charles Leclerc,15,3
2025,10,George Russell,15,4
2025,10,Max Verstappen,15,5
2025,10,Nico Hülkenberg,15,6
2025,10,Andrea Kimi Antonelli,15,7
2025,10,Alexander Albon,15,8
2025,10,Lewis Hamilton,15,9
2025,10,Esteban Ocon,15,10
2025,10,Oliver Bearman,15,11
2025,10,Gabriel Bortoleto,15,12
2025,10,Carlos Sainz,15,13
2025,10,Yuki Tsunoda,15,14
2025,10,Lance Stroll,15,15
2025,10,Liam Lawson,15,16
2025,10,Fernando Alonso,15,17
2025,10,Pierre Gasly,15,18
2025,10,Franco Colapinto,15,19
2025,10,Isack Hadjar,15,20
2025,10,Lando Norris,16,1
2025,10,Charles Leclerc,16,2
2025,10,George Russell,16,3
2025,10,Max Verstappen,16,4
2025,10,Nico Hülkenberg,16,5
2025,10,Andrea Kimi Antonelli,16,6
2025,10,Oscar Piastri,16,7
2025,10,Alexander Albon,16,8
2025,10,Esteban Ocon,16,9
2025,10,Lewis Hamilton,16,10
2025,10,Oliver Bearman,16,11
2025,10,Carlos Sainz,16,12
2025,10,Yuki Tsunoda,16,13
2025,10,Gabriel Bortoleto,16,14
2025,10,Lance Stroll,16,15
2025,10,Liam Lawson,16,16
2025,10,Pierre Gasly,16,17
2025,10,Fernando Alonso,16,18
2025,10,Franco Colapinto,16,19
2025,10,Isack Hadjar,16,20
2025,10,Lando Norris,17,1
2025,10,Charles Leclerc,17,2
2025,10,George Russell,17,3
2025,10,Max Verstappen,17,4
2025,10,Andrea Kimi Antonelli,17,5
2025,10,Nico Hülkenberg,17,6
2025,10,Oscar Piastri,17,7
2025,10,Alexander Albon,17,8
2025,10,Esteban Ocon,17,9
2025,10,Lewis Hamilton,17,10
2025,10,Carlos Sainz,17,11
2025,10,Oliver Bearman,17,12
2025,10,Yuki Tsunoda,17,13
2025,10,Gabriel Bortoleto,17,14
2025,10,Lance Stroll,17,15
2025,10,Liam Lawson,17,16
2025,10,Pierre Gasly,17,17
2025,10,Fernando Alonso,17,18
2025,10,Franco Colapinto,17,19
2025,10,Isack Hadjar,17,20
2025,10,Lando Norris,18,1
2025,10,Charles Leclerc,18,2
2025,10,George Russell,18,3
2025,10,Max Verstappen,18,4
2025,10,Andrea Kimi Antonelli,18,5
2025,10,Oscar Piastri,18,6
2025,10,Nico Hülkenberg,18,7
2025,10,Alexander Albon,18,8
2025,10,Esteban Ocon,18,9
2025,10,Lewis Hamilton,18,10
2025,10,Carlos Sainz,18,11
2025,10,Yuki Tsunoda,18,12
2025,10,Gabriel Bortoleto,18,13
2025,10,Lance Stroll,18,14
2025,10,Liam Lawson,18,15
2025,10,Pierre Gasly,18,16
2025,10,Fernando Alonso,18,17
2025,10,Franco Colapinto,18,18
2025,10,Isack Hadjar,18,19
2025,10,Oliver Bearman,18,20
2025,10,Lando Norris,19,1
2025,10,Charles Leclerc,19,2
2025,10,George Russell,19,3
2025,10,Max Verstappen,19,4
2025,10,Andrea Kimi Antonelli,19,5
2025,10,Oscar Piastri,19,6
2025,10,Esteban Ocon,19,7
2025,10,Alexander Albon,19,8
2025,10,Lewis Hamilton,19,9
2025,10,Carlos Sainz,19,10
2025,10,Yuki Tsunoda,19,11
2025,10,Gabriel Bortoleto,19,12
2025,10,Lance Stroll,19,13
2025,10,Liam Lawson,19,14
2025,10,Fernando Alonso,19,15
2025,10,Pierre Gasly,19,16
2025,10,Nico Hülkenberg,19,17
2025,10,Franco Colapinto,19,18
2025,10,Isack Hadjar,19,19
2025,10,Oliver Bearman,19,20
2025,10,Lando Norris,20,1
2025,10,Charles Leclerc,20,2
2025,10,George Russell,20,3
2025,10,Max Verstappen,20,4
2025,10,Andrea Kimi Antonelli,20,5
2025,10,Oscar Piastri,20,6
2025,10,Lewis Hamilton,20,7
2025,10,Esteban Ocon,20,8
2025,10,Carlos Sainz,20,9
2025,10,Alexander Albon,20,10
2025,10,Yuki Tsunoda,20,11
2025,10,Gabriel Bortoleto,20,12
2025,10,Lance Stroll,20,13
2025,10,Fernando Alonso,20,14
2025,10,Liam Lawson,20,15
2025,10,Pierre Gasly,20,16
2025,10,Nico Hülkenberg,20,17
2025,10,Franco Colapinto,20,18
2025,10,Isack Hadjar,20,19
2025,10,Oliver Bearman,20,20
2025,10,Lando Norris,21,1
2025,10,Charles Leclerc,21,2
2025,10,George Russell,21,3
2025,10,Max Verstappen,21,4
2025,10,Andrea Kimi Antonelli,21,5
2025,10,Oscar Piastri,21,6
2025,10,Lewis Hamilton,21,7
2025,10,Esteban Ocon,21,8
2025,10,Carlos Sainz,21,9
2025,10,Yuki Tsunoda,21,10
2025,10,Alexander Albon,21,11
2025,10,Gabriel Bortoleto,21,12
2025,10,Fernando Alonso,21,13
2025,10,Lance Stroll,21,14
2025,10,Liam Lawson,21,15
2025,10,Pierre Gasly,21,16
2025,10,Nico Hülkenberg,21,17
2025,10,Franco Colapinto,21,18
2025,10,Isack Hadjar,21,19
2025,10,Oliver Bearman,21,20
2025,10,Lando Norris,22,1
2025,10,Charles Leclerc,22,2
2025,10,George Russell,22,3
2025,10,Max Verstappen,22,4
2025,10,Andrea Kimi Antonelli,22,5
2025,10,Oscar Piastri,22,6
2025,10,Lewis Hamilton,22,7
2025,10,Esteban Ocon,22,8
2025,10,Carlos Sainz,22,9
2025,10,Yuki Tsunoda,22,10
2025,10,Gabriel Bortoleto,22,11
2025,10,Alexander Albon,22,12
2025,10,Fernando Alonso,22,13
2025,10,Lance Stroll,22,14
2025,10,Liam Lawson,22,15
2025,10,Pierre Gasly,22,16
2025,10,Nico Hülkenberg,22,17
2025,10,Franco Colapinto,22,18
2025,10,Isack Hadjar,22,19
2025,10,Oliver Bearman,22,20
2025,10,Lando Norris,23,1
2025,10,Charles Leclerc,23,2
2025,10,George Russell,23,3
2025,10,Max Verstappen,23,4
2025,10,Andrea Kimi Antonelli,23,5
2025,10,Oscar Piastri,23,6
2025,10,Lewis Hamilton,23,7
2025,10,Esteban Ocon,23,8
2025,10,Carlos Sainz,23,9
2025,10,Yuki Tsunoda,23,10
2025,10,Fernando Alonso,23,11
2025,10,Gabriel Bortoleto,23,12
2025,10,Lance Stroll,23,13
2025,10,Liam Lawson,23,14
2025,10,Pierre Gasly,23,15
2025,10,Nico Hülkenberg,23,16
2025,10,Franco Colapinto,23,17
2025,10,Isack Hadjar,23,18
2025,10,Oliver Bearman,23,19
2025,10,Alexander Albon,23,20
2025,10,Lando Norris,24,1
2025,10,Charles Leclerc,24,2
2025,10,George Russell,24,3
2025,10,Max Verstappen,24,4
2025,10,Andrea Kimi Antonelli,24,5
2025,10,Oscar Piastri,24,6
2025,10,Lewis Hamilton,24,7
2025,10,Esteban Ocon,24,8
2025,10,Carlos Sainz,24,9
2025,10,Yuki Tsunoda,24,10
2025,10,Fernando Alonso,24,11
2025,10,Gabriel Bortoleto,24,12
2025,10,Liam Lawson,24,13
2025,10,Pierre Gasly,24,14
2025,10,Nico Hülkenberg,24,15
2025,10,Franco Colapinto,24,16
2025,10,Isack Hadjar,24,17
2025,10,Oliver Bearman,24,18
2025,10,Lance Stroll,24,19
2025,10,Alexander Albon,24,20
2025,10,Lando Norris,25,1
2025,10,Charles Leclerc,25,2
2025,10,George Russell,25,3
2025,10,Max Verstappen,25,4
2025,10,Andrea Kimi Antonelli,25,5
2025,10,Oscar Piastri,25,6
2025,10,Lewis Hamilton,25,7
2025,10,Esteban Ocon,25,8
2025,10,Carlos Sainz,25,9
2025,10,Yuki Tsunoda,25,10
2025,10,Fernando Alonso,25,11
2025,10,Gabriel Bortoleto,25,12
2025,10,Liam Lawson,25,13
2025,10,Pierre Gasly,25,14
2025,10,Nico Hülkenberg,25,15
2025,10,Franco Colapinto,25,16
2025,10,Isack Hadjar,25,17
2025,10,Oliver Bearman,25,18
2025,10,Lance Stroll,25,19
2025,10,Alexander Albon,25,20
2025,10,Lando Norris,26,1
2025,10,George Russell,26,2
2025,10,Charles Leclerc,26,3
2025,10,Max Verstappen,26,4
2025,10,Andrea Kimi Antonelli,26,5
2025,10,Oscar Piastri,26,6
2025,10,Lewis Hamilton,26,7
2025,10,Esteban Ocon,26,8
2025,10,Carlos Sainz,26,9
2025,10,Yuki Tsunoda,26,10
2025,10,Fernando Alonso,26,11
2025,10,Gabriel Bortoleto,26,12
2025,10,Liam Lawson,26,13
2025,10,Pierre Gasly,26,14
2025,10,Nico Hülkenberg,26,15
2025,10,Franco Colapinto,26,16
2025,10,Isack Hadjar,26,17
2025,10,Oliver Bearman,26,18
2025,10,Lance Stroll,26,19
2025,10,Alexander Albon,26,20
2025,10,Lando Norris,27,1
2025,10,George Russell,27,2
2025,10,Charles Leclerc,27,3
2025,10,Max Verstappen,27,4
2025,10,Andrea Kimi Antonelli,27,5
2025,10,Oscar Piastri,27,6
2025,10,Lewis Hamilton,27,7
2025,10,Esteban Ocon,27,8
2025,10,Carlos Sainz,27,9
2025,10,Yuki Tsunoda,27,10
2025,10,Fernando Alonso,27,11
2025,10,Gabriel Bortoleto,27,12
2025,10,Liam Lawson,27,13
2025,10,Pierre Gasly,27,14
2025,10,Nico Hülkenberg,27,15
2025,10,Franco Colapinto,27,16
2025,10,Isack Hadjar,27,17
2025,10,Oliver Bearman,27,18
2025,10,Lance Stroll,27,19
2025,10,Alexander Albon,27,20
2025,10,Lando Norris,28,1
2025,10,George Russell,28,2
2025,10,Max Verstappen,28,3
2025,10,Andrea Kimi Antonelli,28,4
2025,10,Oscar Piastri,28,5
2025,10,Charles Leclerc,28,6
2025,10,Lewis Hamilton,28,7
2025,10,Esteban Ocon,28,8
2025,10,Carlos Sainz,28,9
2025,10,Fernando Alonso,28,10
2025,10,Yuki Tsunoda,28,11
2025,10,Gabriel Bortoleto,28,12
2025,10,Liam Lawson,28,13
2025,10,Pierre Gasly,28,14
2025,10,Nico Hülkenberg,28,15
2025,10,Franco Colapinto,28,16
2025,10,Isack Hadjar,28,17
2025,10,Oliver Bearman,28,18
2025,10,Lance Stroll,28,19
2025,10,Alexander Albon,28,20
2025,10,George Russell,29,1
2025,10,Max Verstappen,29,2
2025,10,Andrea Kimi Antonelli,29,3
2025,10,Oscar Piastri,29,4
2025,10,Lando Norris,29,5
2025,10,Charles Leclerc,29,6
2025,10,Lewis Hamilton,29,7
2025,10,Esteban Ocon,29,8
2025,10,Carlos Sainz,29,9
2025,10,Fernando Alonso,29,10
2025,10,Yuki Tsunoda,29,11
2025,10,Gabriel Bortoleto,29,12
2025,10,Liam Lawson,29,13
2025,10,Pierre Gasly,29,14
2025,10,Nico Hülkenberg,29,15
2025,10,Franco Colapinto,29,16
2025,10,Isack Hadjar,29,17
2025,10,Oliver Bearman,29,18
2025,10,Lance Stroll,29,19
2025,10,Alexander Albon,29,20
2025,10,George Russell,30,1
2025,10,Max Verstappen,30,2
2025,10,Andrea Kimi Antonelli,30,3
2025,10,Oscar Piastri,30,4
2025,10,Lando Norris,30,5
2025,10,Charles Leclerc,30,6
2025,10,Lewis Hamilton,30,7
2025,10,Esteban Ocon,30,8
2025,10,Carlos Sainz,30,9
2025,10,Fernando Alonso,30,10
2025,10,Yuki Tsunoda,30,11
2025,10,Gabriel Bortoleto,30,12
2025,10,Liam Lawson,30,13
2025,10,Pierre Gasly,30,14
2025,10,Nico Hülkenberg,30,15
2025,10,Franco Colapinto,30,16
2025,10,Isack Hadjar,30,17
2025,10,Oliver Bearman,30,18
2025,10,Lance Stroll,30,19
2025,10,Alexander Albon,30,20
2025,10,George Russell,31,1
2025,10,Max Verstappen,31,2
2025,10,Andrea Kimi Antonelli,31,3
2025,10,Oscar Piastri,31,4
2025,10,Lando Norris,31,5
2025,10,Charles Leclerc,31,6
2025,10,Lewis Hamilton,31,7
2025,10,Esteban Ocon,31,8
2025,10,Carlos Sainz,31,9
2025,10,Fernando Alonso,31,10
2025,10,Yuki Tsunoda,31,11
2025,10,Gabriel Bortoleto,31,12
2025,10,Liam Lawson,31,13
2025,10,Pierre Gasly,31,14
2025,10,Nico Hülkenberg,31,15
2025,10,Franco Colapinto,31,16
2025,10,Isack Hadjar,31,17
2025,10,Oliver Bearman,31,18
2025,10,Lance Stroll,31,19
2025,10,Alexander Albon,31,20
2025,10,George Russell,32,1
2025,10,Max Verstappen,32,2
2025,10,Andrea Kimi Antonelli,32,3
2025,10,Oscar Piastri,32,4
2025,10,Lando Norris,32,5
2025,10,Charles Leclerc,32,6
2025,10,Lewis Hamilton,32,7
2025,10,Esteban Ocon,32,8
2025,10,Carlos Sainz,32,9
2025,10,Fernando Alonso,32,10
2025,10,Yuki Tsunoda,32,11
2025,10,Gabriel Bortoleto,32,12
2025,10,Liam Lawson,32,13
2025,10,Pierre Gasly,32,14
2025,10,Nico Hülkenberg,32,15
2025,10,Franco Colapinto,32,16
2025,10,Isack Hadjar,32,17
2025,10,Oliver Bearman,32,18
2025,10,Lance Stroll,32,19
2025,10,Alexander Albon,32,20
2025,10,George Russell,33,1
2025,10,Max Verstappen,33,2
2025,10,Andrea Kimi Antonelli,33,3
2025,10,Oscar Piastri,33,4
2025,10,Lando Norris,33,5
2025,10,Charles Leclerc,33,6
2025,10,Lewis Hamilton,33,7
2025,10,Esteban Ocon,33,8
2025,10,Fernando Alonso,33,9
2025,10,Carlos Sainz,33,10
2025,10,Yuki Tsunoda,33,11
2025,10,Gabriel Bortoleto,33,12
2025,10,Liam Lawson,33,13
2025,10,Pierre Gasly,33,14
2025,10,Nico Hülkenberg,33,15
2025,10,Franco Colapinto,33,16
2025,10,Isack Hadjar,33,17
2025,10,Oliver Bearman,33,18
2025,10,Lance Stroll,33,19
2025,10,Alexander Albon,33,20
2025,10,George Russell,34,1
2025,10,Max Verstappen,34,2
2025,10,Andrea Kimi Antonelli,34,3
2025,10,Oscar Piastri,34,4
2025,10,Lando Norris,34,5
2025,10,Charles Leclerc,34,6
2025,10,Lewis Hamilton,34,7
2025,10,Esteban Ocon,34,8
2025,10,Fernando Alonso,34,9
2025,10,Carlos Sainz,34,10
2025,10,Yuki Tsunoda,34,11
2025,10,Gabriel Bortoleto,34,12
2025,10,Liam Lawson,34,13
2025,10,Nico Hülkenberg,34,14
2025,10,Pierre Gasly,34,15
2025,10,Franco Colapinto,34,16
2025,10,Isack Hadjar,34,17
2025,10,Oliver Bearman,34,18
2025,10,Lance Stroll,34,19
2025,10,Alexander Albon,34,20
2025,10,George Russell,35,1
2025,10,Max Verstappen,35,2
2025,10,Andrea Kimi Antonelli,35,3
2025,10,Oscar Piastri,35,4
2025,10,Lando Norris,35,5
2025,10,Charles Leclerc,35,6
2025,10,Lewis Hamilton,35,7
2025,10,Esteban Ocon,35,8
2025,10,Fernando Alonso,35,9
2025,10,Carlos Sainz,35,10
2025,10,Yuki Tsunoda,35,11
2025,10,Gabriel Bortoleto,35,12
2025,10,Nico Hülkenberg,35,13
2025,10,Liam Lawson,35,14
2025,10,Franco Colapinto,35,15
2025,10,Pierre Gasly,35,16
2025,10,Isack Hadjar,35,17
2025,10,Oliver Bearman,35,18
2025,10,Lance Stroll,35,19
2025,10,Alexander Albon,35,20
2025,10,George Russell,36,1
2025,10,Max Verstappen,36,2
2025,10,Andrea Kimi Antonelli,36,3
2025,10,Oscar Piastri,36,4
2025,10,Lando Norris,36,5
2025,10,Charles Leclerc,36,6
2025,10,Lewis Hamilton,36,7
2025,10,Esteban Ocon,36,8
2025,10,Fernando Alonso,36,9
2025,10,Carlos Sainz,36,10
2025,10,Yuki Tsunoda,36,11
2025,10,Gabriel Bortoleto,36,12
2025,10,Nico Hülkenberg,36,13
2025,10,Liam Lawson,36,14
2025,10,Franco Colapinto,36,15
2025,10,Pierre Gasly,36,16
2025,10,Isack Hadjar,36,17
2025,10,Oliver Bearman,36,18
2025,10,Lance Stroll,36,19
2025,10,Alexander Albon,36,20
2025,10,George Russell,37,1
2025,10,Andrea Kimi Antonelli,37,2
2025,10,Oscar Piastri,37,3
2025,10,Lando Norris,37,4
2025,10,Charles Leclerc,37,5
2025,10,Max Verstappen,37,6
2025,10,Lewis Hamilton,37,7
2025,10,Fernando Alonso,37,8
2025,10,Esteban Ocon,37,9
2025,10,Carlos Sainz,37,10
2025,10,Yuki Tsunoda,37,11
2025,10,Nico Hülkenberg,37,12
2025,10,Gabriel Bortoleto,37,13
2025,10,Franco Colapinto,37,14
2025,10,Liam Lawson,37,15
2025,10,Pierre Gasly,37,16
2025,10,Isack Hadjar,37,17
2025,10,Oliver Bearman,37,18
2025,10,Lance Stroll,37,19
2025,10,Alexander Albon,37,20
2025,10,George Russell,38,1
2025,10,Oscar Piastri,38,2
2025,10,Lando Norris,38,3
2025,10,Charles Leclerc,38,4
2025,10,Andrea Kimi Antonelli,38,5
2025,10,Max Verstappen,38,6
2025,10,Lewis Hamilton,38,7
2025,10,Fernando Alonso,38,8
2025,10,Esteban Ocon,38,9
2025,10,Carlos Sainz,38,10
2025,10,Yuki Tsunoda,38,11
2025,10,Nico Hülkenberg,38,12
2025,10,Gabriel Bortoleto,38,13
2025,10,Franco Colapinto,38,14
2025,10,Pierre Gasly,38,15
2025,10,Isack Hadjar,38,16
2025,10,Oliver Bearman,38,17
2025,10,Lance Stroll,38,18
2025,10,Alexander Albon,38,19
2025,10,Liam Lawson,38,20
2025,10,George Russell,39,1
2025,10,Oscar Piastri,39,2
2025,10,Lando Norris,39,3
2025,10,Charles Leclerc,39,4
2025,10,Max Verstappen,39,5
2025,10,Andrea Kimi Antonelli,39,6
2025,10,Lewis Hamilton,39,7
2025,10,Fernando Alonso,39,8
2025,10,Esteban Ocon,39,9
2025,10,Carlos Sainz,39,10
2025,10,Yuki Tsunoda,39,11
2025,10,Nico Hülkenberg,39,12
2025,10,Gabriel Bortoleto,39,13
2025,10,Franco Colapinto,39,14
2025,10,Pierre Gasly,39,15
2025,10,Isack Hadjar,39,16
2025,10,Oliver Bearman,39,17
2025,10,Lance Stroll,39,18
2025,10,Alexander Albon,39,19
2025,10,Liam Lawson,39,20
2025,10,George Russell,40,1
2025,10,Oscar Piastri,40,2
2025,10,Lando Norris,40,3
2025,10,Charles Leclerc,40,4
2025,10,Max Verstappen,40,5
2025,10,Andrea Kimi Antonelli,40,6
2025,10,Lewis Hamilton,40,7
2025,10,Fernando Alonso,40,8
2025,10,Esteban Ocon,40,9
2025,10,Carlos Sainz,40,10
2025,10,Yuki Tsunoda,40,11
2025,10,Nico Hülkenberg,40,12
2025,10,Gabriel Bortoleto,40,13
2025,10,Franco Colapinto,40,14
2025,10,Pierre Gasly,40,15
2025,10,Isack Hadjar,40,16
2025,10,Oliver Bearman,40,17
2025,10,Lance Stroll,40,18
2025,10,Alexander Albon,40,19
2025,10,Liam Lawson,40,20
2025,10,George Russell,41,1
2025,10,Oscar Piastri,41,2
2025,10,Lando Norris,41,3
2025,10,Charles Leclerc,41,4
2025,10,Max Verstappen,41,5
2025,10,Andrea Kimi Antonelli,41,6
2025,10,Lewis Hamilton,41,7
2025,10,Fernando Alonso,41,8
2025,10,Esteban Ocon,41,9
2025,10,Carlos Sainz,41,10
2025,10,Yuki Tsunoda,41,11
2025,10,Nico Hülkenberg,41,12
2025,10,Gabriel Bortoleto,41,13
2025,10,Franco Colapinto,41,14
2025,10,Pierre Gasly,41,15
2025,10,Isack Hadjar,41,16
2025,10,Oliver Bearman,41,17
2025,10,Lance Stroll,41,18
2025,10,Alexander Albon,41,19
2025,10,Liam Lawson,41,20
2025,10,Oscar Piastri,42,1
2025,10,Lando Norris,42,2
2025,10,Charles Leclerc,42,3
2025,10,George Russell,42,4
2025,10,Max Verstappen,42,5
2025,10,Andrea Kimi Antonelli,42,6
2025,10,Lewis Hamilton,42,7
2025,10,Fernando Alonso,42,8
2025,10,Esteban Ocon,42,9
2025,10,Carlos Sainz,42,10
2025,10,Yuki Tsunoda,42,11
2025,10,Nico Hülkenberg,42,12
2025,10,Gabriel Bortoleto,42,13
2025,10,Franco Colapinto,42,14
2025,10,Isack Hadjar,42,15
2025,10,Pierre Gasly,42,16
2025,10,Oliver Bearman,42,17
2025,10,Lance Stroll,42,18
2025,10,Alexander Albon,42,19
2025,10,Liam Lawson,42,20
2025,10,Oscar Piastri,43,1
2025,10,Lando Norris,43,2
2025,10,Charles Leclerc,43,3
2025,10,George Russell,43,4
2025,10,Max Verstappen,43,5
2025,10,Andrea Kimi Antonelli,43,6
2025,10,Lewis Hamilton,43,7
2025,10,Fernando Alonso,43,8
2025,10,Esteban Ocon,43,9
2025,10,Carlos Sainz,43,10
2025,10,Yuki Tsunoda,43,11
2025,10,Nico Hülkenberg,43,12
2025,10,Gabriel Bortoleto,43,13
2025,10,Franco Colapinto,43,14
2025,10,Isack Hadjar,43,15
2025,10,Oliver Bearman,43,16
2025,10,Pierre Gasly,43,17
2025,10,Lance Stroll,43,18
2025,10,Alexander Albon,43,19
2025,10,Liam Lawson,43,20
2025,10,Oscar Piastri,44,1
2025,10,Lando Norris,44,2
2025,10,Charles Leclerc,44,3
2025,10,George Russell,44,4
2025,10,Max Verstappen,44,5
2025,10,Andrea Kimi Antonelli,44,6
2025,10,Lewis Hamilton,44,7
2025,10,Fernando Alonso,44,8
2025,10,Esteban Ocon,44,9
2025,10,Carlos Sainz,44,10
2025,10,Yuki Tsunoda,44,11
2025,10,Nico Hülkenberg,44,12
2025,10,Gabriel Bortoleto,44,13
2025,10,Franco Colapinto,44,14
2025,10,Isack Hadjar,44,15
2025,10,Oliver Bearman,44,16
2025,10,Lance Stroll,44,17
2025,10,Pierre Gasly,44,18
2025,10,Alexander Albon,44,19
2025,10,Liam Lawson,44,20
2025,10,Lando Norris,45,1
2025,10,Charles Leclerc,45,2
2025,10,George Russell,45,3
2025,10,Max Verstappen,45,4
2025,10,Oscar Piastri,45,5
2025,10,Andrea Kimi Antonelli,45,6
2025,10,Lewis Hamilton,45,7
2025,10,Fernando Alonso,45,8
2025,10,Esteban Ocon,45,9
2025,10,Carlos Sainz,45,10
2025,10,Yuki Tsunoda,45,11
2025,10,Nico Hülkenberg,45,12
2025,10,Gabriel Bortoleto,45,13
2025,10,Franco Colapinto,45,14
2025,10,Isack Hadjar,45,15
2025,10,Oliver Bearman,45,16
2025,10,Lance Stroll,45,17
2025,10,Alexander Albon,45,18
2025,10,Pierre Gasly,45,19
2025,10,Liam Lawson,45,20
2025,10,Lando Norris,46,1
2025,10,Charles Leclerc,46,2
2025,10,George Russell,46,3
2025,10,Max Verstappen,46,4
2025,10,Andrea Kimi Antonelli,46,5
2025,10,Oscar Piastri,46,6
2025,10,Lewis Hamilton,46,7
2025,10,Fernando Alonso,46,8
2025,10,Esteban Ocon,46,9
2025,10,Carlos Sainz,46,10
2025,10,Yuki Tsunoda,46,11
2025,10,Nico Hülkenberg,46,12
2025,10,Gabriel Bortoleto,46,13
2025,10,Franco Colapinto,46,14
2025,10,Oliver Bearman,46,15
2025,10,Isack Hadjar,46,16
2025,10,Lance Stroll,46,17
2025,10,Pierre Gasly,46,18
2025,10,Alexander Albon,46,19
2025,10,Liam Lawson,46,20
2025,10,Charles Leclerc,47,1
2025,10,George Russell,47,2
2025,10,Max Verstappen,47,3
2025,10,Andrea Kimi Antonelli,47,4
2025,10,Oscar Piastri,47,5
2025,10,Lando Norris,47,6
2025,10,Lewis Hamilton,47,7
2025,10,Fernando Alonso,47,8
2025,10,Esteban Ocon,47,9
2025,10,Carlos Sainz,47,10
2025,10,Yuki Tsunoda,47,11
2025,10,Nico Hülkenberg,47,12
2025,10,Gabriel Bortoleto,47,13
2025,10,Franco Colapinto,47,14
2025,10,Oliver Bearman,47,15
2025,10,Isack Hadjar,47,16
2025,10,Lance Stroll,47,17
2025,10,Pierre Gasly,47,18
2025,10,Liam Lawson,47,19
2025,10,Charles Leclerc,48,1
2025,10,George Russell,48,2
2025,10,Max Verstappen,48,3
2025,10,Andrea Kimi Antonelli,48,4
2025,10,Oscar Piastri,48,5
2025,10,Lando Norris,48,6
2025,10,Lewis Hamilton,48,7
2025,10,Fernando Alonso,48,8
2025,10,Esteban Ocon,48,9
2025,10,Carlos Sainz,48,10
2025,10,Nico Hülkenberg,48,11
2025,10,Yuki Tsunoda,48,12
2025,10,Gabriel Bortoleto,48,13
2025,10,Franco Colapinto,48,14
2025,10,Oliver Bearman,48,15
2025,10,Isack Hadjar,48,16
2025,10,Lance Stroll,48,17
2025,10,Pierre Gasly,48,18
2025,10,Liam Lawson,48,19
2025,10,Charles Leclerc,49,1
2025,10,George Russell,49,2
2025,10,Max Verstappen,49,3
2025,10,Andrea Kimi Antonelli,49,4
2025,10,Oscar Piastri,49,5
2025,10,Lando Norris,49,6
2025,10,Lewis Hamilton,49,7
2025,10,Fernando Alonso,49,8
2025,10,Esteban Ocon,49,9
2025,10,Carlos Sainz,49,10
2025,10,Nico Hülkenberg,49,11
2025,10,Yuki Tsunoda,49,12
2025,10,Franco Colapinto,49,13
2025,10,Oliver Bearman,49,14
2025,10,Isack Hadjar,49,15
2025,10,Lance Stroll,49,16
2025,10,Pierre Gasly,49,17
2025,10,Gabriel Bortoleto,49,18
2025,10,Liam Lawson,49,19
2025,10,Charles Leclerc,50,1
2025,10,George Russell,50,2
2025,10,Max Verstappen,50,3
2025,10,Andrea Kimi Antonelli,50,4
2025,10,Oscar Piastri,50,5
2025,10,Lando Norris,50,6
2025,10,Lewis Hamilton,50,7
2025,10,Esteban Ocon,50,8
2025,10,Carlos Sainz,50,9
2025,10,Nico Hülkenberg,50,10
2025,10,Yuki Tsunoda,50,11
2025,10,Fernando Alonso,50,12
2025,10,Franco Colapinto,50,13
2025,10,Oliver Bearman,50,14
2025,10,Isack Hadjar,50,15
2025,10,Lance Stroll,50,16
2025,10,Pierre Gasly,50,17
2025,10,Gabriel Bortoleto,50,18
2025,10,Liam Lawson,50,19
2025,10,Charles Leclerc,51,1
2025,10,George Russell,51,2
2025,10,Max Verstappen,51,3
2025,10,Andrea Kimi Antonelli,51,4
2025,10,Oscar Piastri,51,5
2025,10,Lando Norris,51,6
2025,10,Lewis Hamilton,51,7
2025,10,Esteban Ocon,51,8
2025,10,Carlos Sainz,51,9
2025,10,Nico Hülkenberg,51,10
2025,10,Yuki Tsunoda,51,11
2025,10,Fernando Alonso,51,12
2025,10,Franco Colapinto,51,13
2025,10,Oliver Bearman,51,14
2025,10,Isack Hadjar,51,15
2025,10,Pierre Gasly,51,16
2025,10,Gabriel Bortoleto,51,17
2025,10,Liam Lawson,51,18
2025,10,Lance Stroll,51,19
2025,10,Charles Leclerc,52,1
2025,10,George Russell,52,2
2025,10,Max Verstappen,52,3
2025,10,Andrea Kimi Antonelli,52,4
2025,10,Oscar Piastri,52,5
2025,10,Lando Norris,52,6
2025,10,Lewis Hamilton,52,7
2025,10,Esteban Ocon,52,8
2025,10,Carlos Sainz,52,9
2025,10,Nico Hülkenberg,52,10
2025,10,Yuki Tsunoda,52,11
2025,10,Fernando Alonso,52,12
2025,10,Franco Colapinto,52,13
2025,10,Oliver Bearman,52,14
2025,10,Isack Hadjar,52,15
2025,10,Pierre Gasly,52,16
2025,10,Gabriel Bortoleto,52,17
2025,10,Liam Lawson,52,18
2025,10,Lance Stroll,52,19
2025,10,George Russell,53,1
2025,10,Max Verstappen,53,2
2025,10,Andrea Kimi Antonelli,53,3
2025,10,Oscar Piastri,53,4
2025,10,Lando Norris,53,5
2025,10,Charles Leclerc,53,6
2025,10,Lewis Hamilton,53,7
2025,10,Esteban Ocon,53,8
2025,10,Carlos Sainz,53,9
2025,10,Nico Hülkenberg,53,10
2025,10,Fernando Alonso,53,11
2025,10,Yuki Tsunoda,53,12
2025,10,Franco Colapinto,53,13
2025,10,Oliver Bearman,53,14
2025,10,Isack Hadjar,53,15
2025,10,Gabriel Bortoleto,53,16
2025,10,Pierre Gasly,53,17
2025,10,Liam Lawson,53,18
2025,10,Lance Stroll,53,19
2025,10,George Russell,54,1
2025,10,Max Verstappen,54,2
2025,10,Andrea Kimi Antonelli,54,3
2025,10,Oscar Piastri,54,4
2025,10,Lando Norris,54,5
2025,10,Charles Leclerc,54,6
2025,10,Lewis Hamilton,54,7
2025,10,Esteban Ocon,54,8
2025,10,Carlos Sainz,54,9
2025,10,Nico Hülkenberg,54,10
2025,10,Fernando Alonso,54,11
2025,10,Yuki Tsunoda,54,12
2025,10,Franco Colapinto,54,13
2025,10,Oliver Bearman,54,14
2025,10,Isack Hadjar,54,15
2025,10,Gabriel Bortoleto,54,16
2025,10,Pierre Gasly,54,17
2025,10,Lance Stroll,54,18
2025,10,George Russell,55,1
2025,10,Max Verstappen,55,2
2025,10,Andrea Kimi Antonelli,55,3
2025,10,Oscar Piastri,55,4
2025,10,Lando Norris,55,5
2025,10,Charles Leclerc,55,6
2025,10,Lewis Hamilton,55,7
2025,10,Esteban Ocon,55,8
2025,10,Carlos Sainz,55,9
2025,10,Nico Hülkenberg,55,10
2025,10,Fernando Alonso,55,11
2025,10,Yuki Tsunoda,55,12
2025,10,Franco Colapinto,55,13
2025,10,Oliver Bearman,55,14
2025,10,Isack Hadjar,55,15
2025,10,Gabriel Bortoleto,55,16
2025,10,Pierre Gasly,55,17
2025,10,Lance Stroll,55,18
2025,10,George Russell,56,1
2025,10,Max Verstappen,56,2
2025,10,Andrea Kimi Antonelli,56,3
2025,10,Oscar Piastri,56,4
2025,10,Lando Norris,56,5
2025,10,Charles Leclerc,56,6
2025,10,Lewis Hamilton,56,7
2025,10,Esteban Ocon,56,8
2025,10,Nico Hülkenberg,56,9
2025,10,Carlos Sainz,56,10
2025,10,Fernando Alonso,56,11
2025,10,Franco Colapinto,56,12
2025,10,Oliver Bearman,56,13
2025,10,Isack Hadjar,56,14
2025,10,Yuki Tsunoda,56,15
2025,10,Gabriel Bortoleto,56,16
2025,10,Pierre Gasly,56,17
2025,10,Lance Stroll,56,18
2025,10,George Russell,57,1
2025,10,Max Verstappen,57,2
2025,10,Andrea Kimi Antonelli,57,3
2025,10,Oscar Piastri,57,4
2025,10,Lando Norris,57,5
2025,10,Charles Leclerc,57,6
2025,10,Lewis Hamilton,57,7
2025,10,Nico Hülkenberg,57,8
2025,10,Fernando Alonso,57,9
2025,10,Esteban Ocon,57,10
2025,10,Carlos Sainz,57,11
2025,10,Franco Colapinto,57,12
2025,10,Oliver Bearman,57,13
2025,10,Isack Hadjar,57,14
2025,10,Yuki Tsunoda,57,15
2025,10,Gabriel Bortoleto,57,16
2025,10,Pierre Gasly,57,17
2025,10,Lance Stroll,57,18
2025,10,George Russell,58,1
2025,10,Max Verstappen,58,2
2025,10,Andrea Kimi Antonelli,58,3
2025,10,Oscar Piastri,58,4
2025,10,Lando Norris,58,5
2025,10,Charles Leclerc,58,6
2025,10,Lewis Hamilton,58,7
2025,10,Nico Hülkenberg,58,8
2025,10,Fernando Alonso,58,9
2025,10,Esteban Ocon,58,10
2025,10,Carlos Sainz,58,11
2025,10,Franco Colapinto,58,12
2025,10,Oliver Bearman,58,13
2025,10,Isack Hadjar,58,14
2025,10,Yuki Tsunoda,58,15
2025,10,Gabriel Bortoleto,58,16
2025,10,Pierre Gasly,58,17
2025,10,Lance Stroll,58,18
2025,10,George Russell,59,1
2025,10,Max Verstappen,59,2
2025,10,Andrea Kimi Antonelli,59,3
2025,10,Oscar Piastri,59,4
2025,10,Lando Norris,59,5
2025,10,Charles Leclerc,59,6
2025,10,Lewis Hamilton,59,7
2025,10,Nico Hülkenberg,59,8
2025,10,Fernando Alonso,59,9
2025,10,Esteban Ocon,59,10
2025,10,Carlos Sainz,59,11
2025,10,Oliver Bearman,59,12
2025,10,Franco Colapinto,59,13
2025,10,Isack Hadjar,59,14
2025,10,Yuki Tsunoda,59,15
2025,10,Gabriel Bortoleto,59,16
2025,10,Pierre Gasly,59,17
2025,10,Lance Stroll,59,18
2025,10,George Russell,60,1
2025,10,Max Verstappen,60,2
2025,10,Andrea Kimi Antonelli,60,3
2025,10,Oscar Piastri,60,4
2025,10,Lando Norris,60,5
2025,10,Charles Leclerc,60,6
2025,10,Lewis Hamilton,60,7
2025,10,Nico Hülkenberg,60,8
2025,10,Fernando Alonso,60,9
2025,10,Esteban Ocon,60,10
2025,10,Carlos Sainz,60,11
2025,10,Oliver Bearman,60,12
2025,10,Franco Colapinto,60,13
2025,10,Isack Hadjar,60,14
2025,10,Yuki Tsunoda,60,15
2025,10,Gabriel Bortoleto,60,16
2025,10,Pierre Gasly,60,17
2025,10,Lance Stroll,60,18
2025,10,George Russell,61,1
2025,10,Max Verstappen,61,2
2025,10,Andrea Kimi Antonelli,61,3
2025,10,Oscar Piastri,61,4
2025,10,Lando Norris,61,5
2025,10,Charles Leclerc,61,6
2025,10,Lewis Hamilton,61,7
2025,10,Fernando Alonso,61,8
2025,10,Nico Hülkenberg,61,9
2025,10,Esteban Ocon,61,10
2025,10,Carlos Sainz,61,11
2025,10,Oliver Bearman,61,12
2025,10,Franco Colapinto,61,13
2025,10,Isack Hadjar,61,14
2025,10,Yuki Tsunoda,61,15
2025,10,Gabriel Bortoleto,61,16
2025,10,Pierre Gasly,61,17
2025,10,Lance Stroll,61,18
2025,10,George Russell,62,1
2025,10,Max Verstappen,62,2
2025,10,Andrea Kimi Antonelli,62,3
2025,10,Oscar Piastri,62,4
2025,10,Lando Norris,62,5
2025,10,Charles Leclerc,62,6
2025,10,Lewis Hamilton,62,7
2025,10,Fernando Alonso,62,8
2025,10,Nico Hülkenberg,62,9
2025,10,Esteban Ocon,62,10
2025,10,Carlos Sainz,62,11
2025,10,Oliver Bearman,62,12
2025,10,Franco Colapinto,62,13
2025,10,Yuki Tsunoda,62,14
2025,10,Isack Hadjar,62,15
2025,10,Gabriel Bortoleto,62,16
2025,10,Pierre Gasly,62,17
2025,10,Lance Stroll,62,18
2025,10,George Russell,63,1
2025,10,Max Verstappen,63,2
2025,10,Andrea Kimi Antonelli,63,3
2025,10,Oscar Piastri,63,4
2025,10,Lando Norris,63,5
2025,10,Charles Leclerc,63,6
2025,10,Lewis Hamilton,63,7
2025,10,Fernando Alonso,63,8
2025,10,Nico Hülkenberg,63,9
2025,10,Esteban Ocon,63,10
2025,10,Carlos Sainz,63,11
2025,10,Oliver Bearman,63,12
2025,10,Franco Colapinto,63,13
2025,10,Yuki Tsunoda,63,14
2025,10,Isack Hadjar,63,15
2025,10,Gabriel Bortoleto,63,16
2025,10,Pierre Gasly,63,17
2025,10,Lance Stroll,63,18
2025,10,George Russell,64,1
2025,10,Max Verstappen,64,2
2025,10,Andrea Kimi Antonelli,64,3
2025,10,Oscar Piastri,64,4
2025,10,Lando Norris,64,5
2025,10,Charles Leclerc,64,6
2025,10,Lewis Hamilton,64,7
2025,10,Fernando Alonso,64,8
2025,10,Nico Hülkenberg,64,9
2025,10,Esteban Ocon,64,10
2025,10,Carlos Sainz,64,11
2025,10,Oliver Bearman,64,12
2025,10,Yuki Tsunoda,64,13
2025,10,Franco Colapinto,64,14
2025,10,Gabriel Bortoleto,64,15
2025,10,Isack Hadjar,64,16
2025,10,Pierre Gasly,64,17
2025,10,Lance Stroll,64,18
2025,10,George Russell,65,1
2025,10,Max Verstappen,65,2
2025,10,Andrea Kimi Antonelli,65,3
2025,10,Oscar Piastri,65,4
2025,10,Lando Norris,65,5
2025,10,Charles Leclerc,65,6
2025,10,Lewis Hamilton,65,7
2025,10,Fernando Alonso,65,8
2025,10,Nico Hülkenberg,65,9
2025,10,Esteban Ocon,65,10
2025,10,Carlos Sainz,65,11
2025,10,Oliver Bearman,65,12
2025,10,Yuki Tsunoda,65,13
2025,10,Franco Colapinto,65,14
2025,10,Gabriel Bortoleto,65,15
2025,10,Pierre Gasly,65,16
2025,10,Isack Hadjar,65,17
2025,10,Lance Stroll,65,18
2025,10,George Russell,66,1
2025,10,Max Verstappen,66,2
2025,10,Andrea Kimi Antonelli,66,3
2025,10,Oscar Piastri,66,4
2025,10,Lando Norris,66,5
2025,10,Charles Leclerc,66,6
2025,10,Lewis Hamilton,66,7
2025,10,Fernando Alonso,66,8
2025,10,Nico Hülkenberg,66,9
2025,10,Esteban Ocon,66,10
2025,10,Carlos Sainz,66,11
2025,10,Oliver Bearman,66,12
2025,10,Yuki Tsunoda,66,13
2025,10,Franco Colapinto,66,14
2025,10,Gabriel Bortoleto,66,15
2025,10,Pierre Gasly,66,16
2025,10,Isack Hadjar,66,17
2025,10,Lance Stroll,66,18
2025,10,George Russell,67,1
2025,10,Max Verstappen,67,2
2025,10,Andrea Kimi Antonelli,67,3
2025,10,Oscar Piastri,67,4
2025,10,Charles Leclerc,67,5
2025,10,Lewis Hamilton,67,6
2025,10,Fernando Alonso,67,7
2025,10,Nico Hülkenberg,67,8
2025,10,Esteban Ocon,67,9
2025,10,Carlos Sainz,67,10
2025,10,Oliver Bearman,67,11
2025,10,Yuki Tsunoda,67,12
2025,10,Franco Colapinto,67,13
2025,10,Gabriel Bortoleto,67,14
2025,10,Pierre Gasly,67,15
2025,10,Isack Hadjar,67,16
2025,10,Lance Stroll,67,17
2025,10,George Russell,68,1
2025,10,Max Verstappen,68,2
2025,10,Andrea Kimi Antonelli,68,3
2025,10,Oscar Piastri,68,4
2025,10,Charles Leclerc,68,5
2025,10,Lewis Hamilton,68,6
2025,10,Fernando Alonso,68,7
2025,10,Nico Hülkenberg,68,8
2025,10,Esteban Ocon,68,9
2025,10,Carlos Sainz,68,10
2025,10,Oliver Bearman,68,11
2025,10,Yuki Tsunoda,68,12
2025,10,Franco Colapinto,68,13
2025,10,Gabriel Bortoleto,68,14
2025,10,Pierre Gasly,68,15
2025,10,Isack Hadjar,68,16
2025,10,Lance Stroll,68,17
2025,10,George Russell,69,1
2025,10,Max Verstappen,69,2
2025,10,Andrea Kimi Antonelli,69,3
2025,10,Oscar Piastri,69,4
2025,10,Charles Leclerc,69,5
2025,10,Lewis Hamilton,69,6
2025,10,Fernando Alonso,69,7
2025,10,Nico Hülkenberg,69,8
2025,10,Esteban Ocon,69,9
2025,10,Carlos Sainz,69,10
2025,10,Oliver Bearman,69,11
2025,10,Yuki Tsunoda,69,12
2025,10,Franco Colapinto,69,13
2025,10,Gabriel Bortoleto,69,14
2025,10,Pierre Gasly,69,15
2025,10,Isack Hadjar,69,16
2025,10,Lance Stroll,69,17
2025,10,George Russell,70,1
2025,10,Max Verstappen,70,2
2025,10,Andrea Kimi Antonelli,70,3
2025,10,Oscar Piastri,70,4
2025,10,Charles Leclerc,70,5
2025,10,Lewis Hamilton,70,6
2025,10,Fernando Alonso,70,7
2025,10,Nico Hülkenberg,70,8
2025,14,Charles Leclerc,1,1
2025,14,Oscar Piastri,1,2
2025,14,George Russell,1,3
2025,14,Fernando Alonso,1,4
2025,14,Lando Norris,1,5
2025,14,Gabriel Bortoleto,1,6
2025,14,Lance Stroll,1,7
2025,14,Liam Lawson,1,8
2025,14,Max Verstappen,1,9
2025,14,Oliver Bearman,1,10
2025,14,Isack Hadjar,1,11
2025,14,Carlos Sainz,1,12
2025,14,Andrea Kimi Antonelli,1,13
2025,14,Lewis Hamilton,1,14
2025,14,Esteban Ocon,1,15
2025,14,Alexander Albon,1,16
2025,14,Nico Hülkenberg,1,17
2025,14,Franco Colapinto,1,18
2025,14,Pierre Gasly,1,19
2025,14,Yuki Tsunoda,1,20
2025,14,Charles Leclerc,2,1
2025,14,Oscar Piastri,2,2
2025,14,George Russell,2,3
2025,14,Fernando Alonso,2,4
2025,14,Lando Norris,2,5
2025,14,Gabriel Bortoleto,2,6
2025,14,Lance Stroll,2,7
2025,14,Max Verstappen,2,8
2025,14,Liam Lawson,2,9
2025,14,Oliver Bearman,2,10
2025,14,Isack Hadjar,2,11
2025,14,Carlos Sainz,2,12
2025,14,Andrea Kimi Antonelli,2,13
2025,14,Lewis Hamilton,2,14
2025,14,Esteban Ocon,2,15
2025,14,Alexander Albon,2,16
2025,14,Nico Hülkenberg,2,17
2025,14,Franco Colapinto,2,18
2025,14,Pierre Gasly,2,19
2025,14,Yuki Tsunoda,2,20
2025,14,Charles Leclerc,3,1
2025,14,Oscar Piastri,3,2
2025,14,George Russell,3,3
2025,14,Lando Norris,3,4
2025,14,Fernando Alonso,3,5
2025,14,Gabriel Bortoleto,3,6
2025,14,Max Verstappen,3,7
2025,14,Lance Stroll,3,8
2025,14,Liam Lawson,3,9
2025,14,Oliver Bearman,3,10
2025,14,Isack Hadjar,3,11
2025,14,Carlos Sainz,3,12
2025,14,Andrea Kimi Antonelli,3,13
2025,14,Lewis Hamilton,3,14
2025,14,Esteban Ocon,3,15
2025,14,Alexander Albon,3,16
2025,14,Nico Hülkenberg,3,17
2025,14,Franco Colapinto,3,18
2025,14,Pierre Gasly,3,19
2025,14,Yuki Tsunoda,3,20
2025,14,Charles Leclerc,4,1
2025,14,Oscar Piastri,4,2
2025,14,George Russell,4,3
2025,14,Lando Norris,4,4
2025,14,Fernando Alonso,4,5
2025,14,Gabriel Bortoleto,4,6
2025,14,Max Verstappen,4,7
2025,14,Lance Stroll,4,8
2025,14,Liam Lawson,4,9
2025,14,Oliver Bearman,4,10
2025,14,Isack Hadjar,4,11
2025,14,Carlos Sainz,4,12
2025,14,Andrea Kimi Antonelli,4,13
2025,14,Lewis Hamilton,4,14
2025,14,Esteban Ocon,4,15
2025,14,Alexander Albon,4,16
2025,14,Nico Hülkenberg,4,17
2025,14,Franco Colapinto,4,18
2025,14,Pierre Gasly,4,19
2025,14,Yuki Tsunoda,4,20
2025,14,Charles Leclerc,5,1
2025,14,Oscar Piastri,5,2
2025,14,George Russell,5,3
2025,14,Lando Norris,5,4
2025,14,Fernando Alonso,5,5
2025,14,Gabriel Bortoleto,5,6
2025,14,Max Verstappen,5,7
2025,14,Lance Stroll,5,8
2025,14,Liam Lawson,5,9
2025,14,Oliver Bearman,5,10
2025,14,Isack Hadjar,5,11
2025,14,Carlos Sainz,5,12
2025,14,Andrea Kimi Antonelli,5,13
2025,14,Lewis Hamilton,5,14
2025,14,Esteban Ocon,5,15
2025,14,Alexander Albon,5,16
2025,14,Pierre Gasly,5,17
2025,14,Franco Colapinto,5,18
2025,14,Yuki Tsunoda,5,19
2025,14,Nico Hülkenberg,5,20
2025,14,Charles Leclerc,6,1
2025,14,Oscar Piastri,6,2
2025,14,George Russell,6,3
2025,14,Lando Norris,6,4
2025,14,Fernando Alonso,6,5
2025,14,Gabriel Bortoleto,6,6
2025,14,Max Verstappen,6,7
2025,14,Lance Stroll,6,8
2025,14,Liam Lawson,6,9
2025,14,Oliver Bearman,6,10
2025,14,Isack Hadjar,6,11
2025,14,Carlos Sainz,6,12
2025,14,Andrea Kimi Antonelli,6,13
2025,14,Lewis Hamilton,6,14
2025,14,Esteban Ocon,6,15
2025,14,Alexander Albon,6,16
2025,14,Pierre Gasly,6,17
2025,14,Franco Colapinto,6,18
2025,14,Yuki Tsunoda,6,19
2025,14,Nico Hülkenberg,6,20
2025,14,Charles Leclerc,7,1
2025,14,Oscar Piastri,7,2
2025,14,George Russell,7,3
2025,14,Lando Norris,7,4
2025,14,Fernando Alonso,7,5
2025,14,Gabriel Bortoleto,7,6
2025,14,Max Verstappen,7,7
2025,14,Lance Stroll,7,8
2025,14,Liam Lawson,7,9
2025,14,Oliver Bearman,7,10
2025,14,Isack Hadjar,7,11
2025,14,Carlos Sainz,7,12
2025,14,Andrea Kimi Antonelli,7,13
2025,14,Lewis Hamilton,7,14
2025,14,Esteban Ocon,7,15
2025,14,Alexander Albon,7,16
2025,14,Pierre Gasly,7,17
2025,14,Franco Colapinto,7,18
2025,14,Yuki Tsunoda,7,19
2025,14,Nico Hülkenberg,7,20
2025,14,Charles Leclerc,8,1
2025,14,Oscar Piastri,8,2
2025,14,George Russell,8,3
2025,14,Lando Norris,8,4
2025,14,Fernando Alonso,8,5
2025,14,Gabriel Bortoleto,8,6
2025,14,Max Verstappen,8,7
2025,14,Lance Stroll,8,8
2025,14,Liam Lawson,8,9
2025,14,Oliver Bearman,8,10
2025,14,Isack Hadjar,8,11
2025,14,Carlos Sainz,8,12
2025,14,Andrea Kimi Antonelli,8,13
2025,14,Lewis Hamilton,8,14
2025,14,Esteban Ocon,8,15
2025,14,Alexander Albon,8,16
2025,14,Pierre Gasly,8,17
2025,14,Franco Colapinto,8,18
2025,14,Yuki Tsunoda,8,19
2025,14,Nico Hülkenberg,8,20
2025,14,Charles Leclerc,9,1
2025,14,Oscar Piastri,9,2
2025,14,George Russell,9,3
2025,14,Lando Norris,9,4
2025,14,Fernando Alonso,9,5
2025,14,Gabriel Bortoleto,9,6
2025,14,Max Verstappen,9,7
2025,14,Lance Stroll,9,8
2025,14,Liam Lawson,9,9
2025,14,Oliver Bearman,9,10
2025,14,Isack Hadjar,9,11
2025,14,Carlos Sainz,9,12
2025,14,Andrea Kimi Antonelli,9,13
2025,14,Lewis Hamilton,9,14
2025,14,Esteban Ocon,9,15
2025,14,Alexander Albon,9,16
2025,14,Pierre Gasly,9,17
2025,14,Franco Colapinto,9,18
2025,14,Yuki Tsunoda,9,19
2025,14,Nico Hülkenberg,9,20
2025,14,Charles Leclerc,10,1
2025,14,Oscar Piastri,10,2
2025,14,George Russell,10,3
2025,14,Lando Norris,10,4
2025,14,Fernando Alonso,10,5
2025,14,Gabriel Bortoleto,10,6
2025,14,Max Verstappen,10,7
2025,14,Lance Stroll,10,8
2025,14,Liam Lawson,10,9
2025,14,Oliver Bearman,10,10
2025,14,Isack Hadjar,10,11
2025,14,Carlos Sainz,10,12
2025,14,Andrea Kimi Antonelli,10,13
2025,14,Lewis Hamilton,10,14
2025,14,Esteban Ocon,10,15
2025,14,Alexander Albon,10,16
2025,14,Pierre Gasly,10,17
2025,14,Franco Colapinto,10,18
2025,14,Yuki Tsunoda,10,19
2025,14,Nico Hülkenberg,10,20
2025,14,Charles Leclerc,11,1
2025,14,Oscar Piastri,11,2
2025,14,George Russell,11,3
2025,14,Lando Norris,11,4
2025,14,Fernando Alonso,11,5
2025,14,Gabriel Bortoleto,11,6
2025,14,Max Verstappen,11,7
2025,14,Lance Stroll,11,8
2025,14,Liam Lawson,11,9
2025,14,Oliver Bearman,11,10
2025,14,Isack Hadjar,11,11
2025,14,Carlos Sainz,11,12
2025,14,Andrea Kimi Antonelli,11,13
2025,14,Lewis Hamilton,11,14
2025,14,Esteban Ocon,11,15
2025,14,Alexander Albon,11,16
2025,14,Pierre Gasly,11,17
2025,14,Franco Colapinto,11,18
2025,14,Yuki Tsunoda,11,19
2025,14,Nico Hülkenberg,11,20
2025,14,Charles Leclerc,12,1
2025,14,Oscar Piastri,12,2
2025,14,George Russell,12,3
2025,14,Lando Norris,12,4
2025,14,Fernando Alonso,12,5
2025,14,Gabriel Bortoleto,12,6
2025,14,Max Verstappen,12,7
2025,14,Lance Stroll,12,8
2025,14,Liam Lawson,12,9
2025,14,Oliver Bearman,12,10
2025,14,Isack Hadjar,12,11
2025,14,Carlos Sainz,12,12
2025,14,Andrea Kimi Antonelli,12,13
2025,14,Lewis Hamilton,12,14
2025,14,Esteban Ocon,12,15
2025,14,Alexander Albon,12,16
2025,14,Pierre Gasly,12,17
2025,14,Franco Colapinto,12,18
2025,14,Yuki Tsunoda,12,19
2025,14,Nico Hülkenberg,12,20
2025,14,Charles Leclerc,13,1
2025,14,Oscar Piastri,13,2
2025,14,George Russell,13,3
2025,14,Lando Norris,13,4
2025,14,Fernando Alonso,13,5
2025,14,Gabriel Bortoleto,13,6
2025,14,Max Verstappen,13,7
2025,14,Lance Stroll,13,8
2025,14,Liam Lawson,13,9
2025,14,Oliver Bearman,13,10
2025,14,Isack Hadjar,13,11
2025,14,Carlos Sainz,13,12
2025,14,Andrea Kimi Antonelli,13,13
2025,14,Lewis Hamilton,13,14
2025,14,Esteban Ocon,13,15
2025,14,Alexander Albon,13,16
2025,14,Pierre Gasly,13,17
2025,14,Yuki Tsunoda,13,18
2025,14,Franco Colapinto,13,19
2025,14,Nico Hülkenberg,13,20
2025,14,Charles Leclerc,14,1
2025,14,Oscar Piastri,14,2
2025,14,George Russell,14,3
2025,14,Lando Norris,14,4
2025,14,Fernando Alonso,14,5
2025,14,Gabriel Bortoleto,14,6
2025,14,Max Verstappen,14,7
2025,14,Lance Stroll,14,8
2025,14,Liam Lawson,14,9
2025,14,Oliver Bearman,14,10
2025,14,Isack Hadjar,14,11
2025,14,Carlos Sainz,14,12
2025,14,Andrea Kimi Antonelli,14,13
2025,14,Lewis Hamilton,14,14
2025,14,Pierre Gasly,14,15
2025,14,Esteban Ocon,14,16
2025,14,Alexander Albon,14,17
2025,14,Yuki Tsunoda,14,18
2025,14,Nico Hülkenberg,14,19
2025,14,Franco Colapinto,14,20
2025,14,Charles Leclerc,15,1
2025,14,Oscar Piastri,15,2
2025,14,George Russell,15,3
2025,14,Lando Norris,15,4
2025,14,Fernando Alonso,15,5
2025,14,Gabriel Bortoleto,15,6
2025,14,Max Verstappen,15,7
2025,14,Lance Stroll,15,8
2025,14,Liam Lawson,15,9
2025,14,Oliver Bearman,15,10
2025,14,Isack Hadjar,15,11
2025,14,Andrea Kimi Antonelli,15,12
2025,14,Lewis Hamilton,15,13
2025,14,Carlos Sainz,15,14
2025,14,Pierre Gasly,15,15
2025,14,Yuki Tsunoda,15,16
2025,14,Nico Hülkenberg,15,17
2025,14,Alexander Albon,15,18
2025,14,Esteban Ocon,15,19
2025,14,Franco Colapinto,15,20
2025,14,Charles Leclerc,16,1
2025,14,Oscar Piastri,16,2
2025,14,George Russell,16,3
2025,14,Lando Norris,16,4
2025,14,Fernando Alonso,16,5
2025,14,Gabriel Bortoleto,16,6
2025,14,Max Verstappen,16,7
2025,14,Lance Stroll,16,8
2025,14,Liam Lawson,16,9
2025,14,Oliver Bearman,16,10
2025,14,Isack Hadjar,16,11
2025,14,Andrea Kimi Antonelli,16,12
2025,14,Lewis Hamilton,16,13
2025,14,Pierre Gasly,16,14
2025,14,Yuki Tsunoda,16,15
2025,14,Nico Hülkenberg,16,16
2025,14,Carlos Sainz,16,17
2025,14,Alexander Albon,16,18
2025,14,Esteban Ocon,16,19
2025,14,Franco Colapinto,16,20
2025,14,Charles Leclerc,17,1
2025,14,Oscar Piastri,17,2
2025,14,George Russell,17,3
2025,14,Lando Norris,17,4
2025,14,Fernando Alonso,17,5
2025,14,Gabriel Bortoleto,17,6
2025,14,Lance Stroll,17,7
2025,14,Max Verstappen,17,8
2025,14,Liam Lawson,17,9
2025,14,Oliver Bearman,17,10
2025,14,Isack Hadjar,17,11
2025,14,Andrea Kimi Antonelli,17,12
2025,14,Lewis Hamilton,17,13
2025,14,Pierre Gasly,17,14
2025,14,Yuki Tsunoda,17,15
2025,14,Nico Hülkenberg,17,16
2025,14,Carlos Sainz,17,17
2025,14,Alexander Albon,17,18
2025,14,Esteban Ocon,17,19
2025,14,Franco Colapinto,17,20
2025,14,Charles Leclerc,18,1
2025,14,Oscar Piastri,18,2
2025,14,George Russell,18,3
2025,14,Lando Norris,18,4
2025,14,Fernando Alonso,18,5
2025,14,Gabriel Bortoleto,18,6
2025,14,Lance Stroll,18,7
2025,14,Liam Lawson,18,8
2025,14,Oliver Bearman,18,9
2025,14,Isack Hadjar,18,10
2025,14,Andrea Kimi Antonelli,18,11
2025,14,Lewis Hamilton,18,12
2025,14,Pierre Gasly,18,13
2025,14,Yuki Tsunoda,18,14
2025,14,Nico Hülkenberg,18,15
2025,14,Max Verstappen,18,16
2025,14,Carlos Sainz,18,17
2025,14,Alexander Albon,18,18
2025,14,Esteban Ocon,18,19
2025,14,Franco Colapinto,18,20
2025,14,Charles Leclerc,19,1
2025,14,Lando Norris,19,2
2025,14,George Russell,19,3
2025,14,Fernando Alonso,19,4
2025,14,Oscar Piastri,19,5
2025,14,Gabriel Bortoleto,19,6
2025,14,Lance Stroll,19,7
2025,14,Liam Lawson,19,8
2025,14,Oliver Bearman,19,9
2025,14,Isack Hadjar,19,10
2025,14,Andrea Kimi Antonelli,19,11
2025,14,Lewis Hamilton,19,12
2025,14,Pierre Gasly,19,13
2025,14,Yuki Tsunoda,19,14
2025,14,Nico Hülkenberg,19,15
2025,14,Max Verstappen,19,16
2025,14,Carlos Sainz,19,17
2025,14,Alexander Albon,19,18
2025,14,Esteban Ocon,19,19
2025,14,Franco Colapinto,19,20
2025,14,Lando Norris,20,1
2025,14,Fernando Alonso,20,2
2025,14,Charles Leclerc,20,3
2025,14,Oscar Piastri,20,4
2025,14,Gabriel Bortoleto,20,5
2025,14,George Russell,20,6
2025,14,Lance Stroll,20,7
2025,14,Liam Lawson,20,8
2025,14,Oliver Bearman,20,9
2025,14,Isack Hadjar,20,10
2025,14,Andrea Kimi Antonelli,20,11
2025,14,Lewis Hamilton,20,12
2025,14,Pierre Gasly,20,13
2025,14,Nico Hülkenberg,20,14
2025,14,Max Verstappen,20,15
2025,14,Yuki Tsunoda,20,16
2025,14,Carlos Sainz,20,17
2025,14,Alexander Albon,20,18
2025,14,Esteban Ocon,20,19
2025,14,Franco Colapinto,20,20
2025,14,Lando Norris,21,1
2025,14,Charles Leclerc,21,2
2025,14,Fernando Alonso,21,3
2025,14,Oscar Piastri,21,4
2025,14,George Russell,21,5
2025,14,Gabriel Bortoleto,21,6
2025,14,Lance Stroll,21,7
2025,14,Liam Lawson,21,8
2025,14,Oliver Bearman,21,9
2025,14,Isack Hadjar,21,10
2025,14,Lewis Hamilton,21,11
2025,14,Andrea Kimi Antonelli,21,12
2025,14,Pierre Gasly,21,13
2025,14,Nico Hülkenberg,21,14
2025,14,Max Verstappen,21,15
2025,14,Carlos Sainz,21,16
2025,14,Alexander Albon,21,17
2025,14,Esteban Ocon,21,18
2025,14,Franco Colapinto,21,19
2025,14,Yuki Tsunoda,21,20
2025,14,Lando Norris,22,1
2025,14,Charles Leclerc,22,2
2025,14,Oscar Piastri,22,3
2025,14,Fernando Alonso,22,4
2025,14,George Russell,22,5
2025,14,Gabriel Bortoleto,22,6
2025,14,Lance Stroll,22,7
2025,14,Liam Lawson,22,8
2025,14,Oliver Bearman,22,9
2025,14,Isack Hadjar,22,10
2025,14,Lewis Hamilton,22,11
2025,14,Pierre Gasly,22,12
2025,14,Max Verstappen,22,13
2025,14,Nico Hülkenberg,22,14
2025,14,Carlos Sainz,22,15
2025,14,Alexander Albon,22,16
2025,14,Esteban Ocon,22,17
2025,14,Franco Colapinto,22,18
2025,14,Andrea Kimi Antonelli,22,19
2025,14,Yuki Tsunoda,22,20
2025,14,Lando Norris,23,1
2025,14,Charles Leclerc,23,2
2025,14,Oscar Piastri,23,3
2025,14,Fernando Alonso,23,4
2025,14,George Russell,23,5
2025,14,Gabriel Bortoleto,23,6
2025,14,Lance Stroll,23,7
2025,14,Liam Lawson,23,8
2025,14,Oliver Bearman,23,9
2025,14,Isack Hadjar,23,10
2025,14,Lewis Hamilton,23,11
2025,14,Pierre Gasly,23,12
2025,14,Max Verstappen,23,13
2025,14,Nico Hülkenberg,23,14
2025,14,Carlos Sainz,23,15
2025,14,Alexander Albon,23,16
2025,14,Esteban Ocon,23,17
2025,14,Franco Colapinto,23,18
2025,14,Andrea Kimi Antonelli,23,19
2025,14,Yuki Tsunoda,23,20
2025,14,Lando Norris,24,1
2025,14,Charles Leclerc,24,2
2025,14,Oscar Piastri,24,3
2025,14,Fernando Alonso,24,4
2025,14,George Russell,24,5
2025,14,Gabriel Bortoleto,24,6
2025,14,Lance Stroll,24,7
2025,14,Liam Lawson,24,8
2025,14,Oliver Bearman,24,9
2025,14,Isack Hadjar,24,10
2025,14,Lewis Hamilton,24,11
2025,14,Max Verstappen,24,12
2025,14,Pierre Gasly,24,13
2025,14,Nico Hülkenberg,24,14
2025,14,Carlos Sainz,24,15
2025,14,Alexander Albon,24,16
2025,14,Esteban Ocon,24,17
2025,14,Franco Colapinto,24,18
2025,14,Andrea Kimi Antonelli,24,19
2025,14,Yuki Tsunoda,24,20
2025,14,Lando Norris,25,1
2025,14,Charles Leclerc,25,2
2025,14,Oscar Piastri,25,3
2025,14,Fernando Alonso,25,4
2025,14,George Russell,25,5
2025,14,Gabriel Bortoleto,25,6
2025,14,Lance Stroll,25,7
2025,14,Liam Lawson,25,8
2025,14,Oliver Bearman,25,9
2025,14,Isack Hadjar,25,10
2025,14,Lewis Hamilton,25,11
2025,14,Max Verstappen,25,12
2025,14,Pierre Gasly,25,13
2025,14,Nico Hülkenberg,25,14
2025,14,Carlos Sainz,25,15
2025,14,Alexander Albon,25,16
2025,14,Esteban Ocon,25,17
2025,14,Franco Colapinto,25,18
2025,14,Andrea Kimi Antonelli,25,19
2025,14,Yuki Tsunoda,25,20
2025,14,Lando Norris,26,1
2025,14,Charles Leclerc,26,2
2025,14,Oscar Piastri,26,3
2025,14,George Russell,26,4
2025,14,Fernando Alonso,26,5
2025,14,Gabriel Bortoleto,26,6
2025,14,Lance Stroll,26,7
2025,14,Liam Lawson,26,8
2025,14,Oliver Bearman,26,9
2025,14,Isack Hadjar,26,10
2025,14,Lewis Hamilton,26,11
2025,14,Max Verstappen,26,12
2025,14,Pierre Gasly,26,13
2025,14,Nico Hülkenberg,26,14
2025,14,Carlos Sainz,26,15
2025,14,Alexander Albon,26,16
2025,14,Esteban Ocon,26,17
2025,14,Franco Colapinto,26,18
2025,14,Andrea Kimi Antonelli,26,19
2025,14,Yuki Tsunoda,26,20
2025,14,Lando Norris,27,1
2025,14,Charles Leclerc,27,2
2025,14,Oscar Piastri,27,3
2025,14,George Russell,27,4
2025,14,Fernando Alonso,27,5
2025,14,Gabriel Bortoleto,27,6
2025,14,Lance Stroll,27,7
2025,14,Liam Lawson,27,8
2025,14,Oliver Bearman,27,9
2025,14,Isack Hadjar,27,10
2025,14,Lewis Hamilton,27,11
2025,14,Max Verstappen,27,12
2025,14,Pierre Gasly,27,13
2025,14,Nico Hülkenberg,27,14
2025,14,Carlos Sainz,27,15
2025,14,Alexander Albon,27,16
2025,14,Esteban Ocon,27,17
2025,14,Franco Colapinto,27,18
2025,14,Andrea Kimi Antonelli,27,19
2025,14,Yuki Tsunoda,27,20
2025,14,Lando Norris,28,1
2025,14,Charles Leclerc,28,2
2025,14,Oscar Piastri,28,3
2025,14,George Russell,28,4
2025,14,Fernando Alonso,28,5
2025,14,Gabriel Bortoleto,28,6
2025,14,Lance Stroll,28,7
2025,14,Liam Lawson,28,8
2025,14,Oliver Bearman,28,9
2025,14,Isack Hadjar,28,10
2025,14,Lewis Hamilton,28,11
2025,14,Max Verstappen,28,12
2025,14,Pierre Gasly,28,13
2025,14,Nico Hülkenberg,28,14
2025,14,Carlos Sainz,28,15
2025,14,Alexander Albon,28,16
2025,14,Esteban Ocon,28,17
2025,14,Franco Colapinto,28,18
2025,14,Andrea Kimi Antonelli,28,19
2025,14,Yuki Tsunoda,28,20
2025,14,Lando Norris,29,1
2025,14,Charles Leclerc,29,2
2025,14,Oscar Piastri,29,3
2025,14,George Russell,29,4
2025,14,Fernando Alonso,29,5
2025,14,Gabriel Bortoleto,29,6
2025,14,Lance Stroll,29,7
2025,14,Liam Lawson,29,8
2025,14,Oliver Bearman,29,9
2025,14,Isack Hadjar,29,10
2025,14,Max Verstappen,29,11
2025,14,Lewis Hamilton,29,12
2025,14,Pierre Gasly,29,13
2025,14,Nico Hülkenberg,29,14
2025,14,Carlos Sainz,29,15
2025,14,Alexander Albon,29,16
2025,14,Esteban Ocon,29,17
2025,14,Franco Colapinto,29,18
2025,14,Andrea Kimi Antonelli,29,19
2025,14,Yuki Tsunoda,29,20
2025,14,Lando Norris,30,1
2025,14,Charles Leclerc,30,2
2025,14,Oscar Piastri,30,3
2025,14,George Russell,30,4
2025,14,Fernando Alonso,30,5
2025,14,Gabriel Bortoleto,30,6
2025,14,Lance Stroll,30,7
2025,14,Liam Lawson,30,8
2025,14,Max Verstappen,30,9
2025,14,Isack Hadjar,30,10
2025,14,Oliver Bearman,30,11
2025,14,Lewis Hamilton,30,12
2025,14,Pierre Gasly,30,13
2025,14,Nico Hülkenberg,30,14
2025,14,Carlos Sainz,30,15
2025,14,Alexander Albon,30,16
2025,14,Esteban Ocon,30,17
2025,14,Franco Colapinto,30,18
2025,14,Andrea Kimi Antonelli,30,19
2025,14,Yuki Tsunoda,30,20
2025,14,Charles Leclerc,31,1
2025,14,Lando Norris,31,2
2025,14,Oscar Piastri,31,3
2025,14,George Russell,31,4
2025,14,Fernando Alonso,31,5
2025,14,Gabriel Bortoleto,31,6
2025,14,Lance Stroll,31,7
2025,14,Liam Lawson,31,8
2025,14,Max Verstappen,31,9
2025,14,Isack Hadjar,31,10
2025,14,Lewis Hamilton,31,11
2025,14,Pierre Gasly,31,12
2025,14,Nico Hülkenberg,31,13
2025,14,Carlos Sainz,31,14
2025,14,Alexander Albon,31,15
2025,14,Esteban Ocon,31,16
2025,14,Franco Colapinto,31,17
2025,14,Andrea Kimi Antonelli,31,18
2025,14,Yuki Tsunoda,31,19
2025,14,Oliver Bearman,31,20
2025,14,Charles Leclerc,32,1
2025,14,Oscar Piastri,32,2
2025,14,George Russell,32,3
2025,14,Lando Norris,32,4
2025,14,Fernando Alonso,32,5
2025,14,Gabriel Bortoleto,32,6
2025,14,Lance Stroll,32,7
2025,14,Liam Lawson,32,8
2025,14,Max Verstappen,32,9
2025,14,Isack Hadjar,32,10
2025,14,Lewis Hamilton,32,11
2025,14,Nico Hülkenberg,32,12
2025,14,Carlos Sainz,32,13
2025,14,Alexander Albon,32,14
2025,14,Pierre Gasly,32,15
2025,14,Esteban Ocon,32,16
2025,14,Franco Colapinto,32,17
2025,14,Andrea Kimi Antonelli,32,18
2025,14,Yuki Tsunoda,32,19
2025,14,Oliver Bearman,32,20
2025,14,Charles Leclerc,33,1
2025,14,Oscar Piastri,33,2
2025,14,George Russell,33,3
2025,14,Lando Norris,33,4
2025,14,Fernando Alonso,33,5
2025,14,Gabriel Bortoleto,33,6
2025,14,Lance Stroll,33,7
2025,14,Liam Lawson,33,8
2025,14,Max Verstappen,33,9
2025,14,Lewis Hamilton,33,10
2025,14,Isack Hadjar,33,11
2025,14,Nico Hülkenberg,33,12
2025,14,Carlos Sainz,33,13
2025,14,Alexander Albon,33,14
2025,14,Esteban Ocon,33,15
2025,14,Franco Colapinto,33,16
2025,14,Andrea Kimi Antonelli,33,17
2025,14,Yuki Tsunoda,33,18
2025,14,Oliver Bearman,33,19
2025,14,Pierre Gasly,33,20
2025,14,Charles Leclerc,34,1
2025,14,Oscar Piastri,34,2
2025,14,George Russell,34,3
2025,14,Lando Norris,34,4
2025,14,Fernando Alonso,34,5
2025,14,Gabriel Bortoleto,34,6
2025,14,Lance Stroll,34,7
2025,14,Liam Lawson,34,8
2025,14,Max Verstappen,34,9
2025,14,Lewis Hamilton,34,10
2025,14,Nico Hülkenberg,34,11
2025,14,Carlos Sainz,34,12
2025,14,Alexander Albon,34,13
2025,14,Esteban Ocon,34,14
2025,14,Franco Colapinto,34,15
2025,14,Andrea Kimi Antonelli,34,16
2025,14,Yuki Tsunoda,34,17
2025,14,Oliver Bearman,34,18
2025,14,Isack Hadjar,34,19
2025,14,Pierre Gasly,34,20
2025,14,Charles Leclerc,35,1
2025,14,Oscar Piastri,35,2
2025,14,George Russell,35,3
2025,14,Lando Norris,35,4
2025,14,Fernando Alonso,35,5
2025,14,Gabriel Bortoleto,35,6
2025,14,Lance Stroll,35,7
2025,14,Liam Lawson,35,8
2025,14,Max Verstappen,35,9
2025,14,Lewis Hamilton,35,10
2025,14,Nico Hülkenberg,35,11
2025,14,Carlos Sainz,35,12
2025,14,Alexander Albon,35,13
2025,14,Esteban Ocon,35,14
2025,14,Andrea Kimi Antonelli,35,15
2025,14,Yuki Tsunoda,35,16
2025,14,Franco Colapinto,35,17
2025,14,Oliver Bearman,35,18
2025,14,Isack Hadjar,35,19
2025,14,Pierre Gasly,35,20
2025,14,Charles Leclerc,36,1
2025,14,Oscar Piastri,36,2
2025,14,George Russell,36,3
2025,14,Lando Norris,36,4
2025,14,Fernando Alonso,36,5
2025,14,Gabriel Bortoleto,36,6
2025,14,Liam Lawson,36,7
2025,14,Lance Stroll,36,8
2025,14,Max Verstappen,36,9
2025,14,Lewis Hamilton,36,10
2025,14,Nico Hülkenberg,36,11
2025,14,Carlos Sainz,36,12
2025,14,Alexander Albon,36,13
2025,14,Esteban Ocon,36,14
2025,14,Andrea Kimi Antonelli,36,15
2025,14,Yuki Tsunoda,36,16
2025,14,Oliver Bearman,36,17
2025,14,Isack Hadjar,36,18
2025,14,Pierre Gasly,36,19
2025,14,Franco Colapinto,36,20
2025,14,Charles Leclerc,37,1
2025,14,Oscar Piastri,37,2
2025,14,George Russell,37,3
2025,14,Lando Norris,37,4
2025,14,Fernando Alonso,37,5
2025,14,Gabriel Bortoleto,37,6
2025,14,Liam Lawson,37,7
2025,14,Max Verstappen,37,8
2025,14,Lewis Hamilton,37,9
2025,14,Nico Hülkenberg,37,10
2025,14,Carlos Sainz,37,11
2025,14,Lance Stroll,37,12
2025,14,Alexander Albon,37,13
2025,14,Esteban Ocon,37,14
2025,14,Andrea Kimi Antonelli,37,15
2025,14,Yuki Tsunoda,37,16
2025,14,Oliver Bearman,37,17
2025,14,Isack Hadjar,37,18
2025,14,Pierre Gasly,37,19
2025,14,Franco Colapinto,37,20
2025,14,Charles Leclerc,38,1
2025,14,Oscar Piastri,38,2
2025,14,George Russell,38,3
2025,14,Lando Norris,38,4
2025,14,Fernando Alonso,38,5
2025,14,Gabriel Bortoleto,38,6
2025,14,Liam Lawson,38,7
2025,14,Max Verstappen,38,8
2025,14,Lewis Hamilton,38,9
2025,14,Nico Hülkenberg,38,10
2025,14,Carlos Sainz,38,11
2025,14,Lance Stroll,38,12
2025,14,Esteban Ocon,38,13
2025,14,Andrea Kimi Antonelli,38,14
2025,14,Alexander Albon,38,15
2025,14,Isack Hadjar,38,16
2025,14,Oliver Bearman,38,17
2025,14,Pierre Gasly,38,18
2025,14,Yuki Tsunoda,38,19
2025,14,Franco Colapinto,38,20
2025,14,Charles Leclerc,39,1
2025,14,Oscar Piastri,39,2
2025,14,George Russell,39,3
2025,14,Lando Norris,39,4
2025,14,Fernando Alonso,39,5
2025,14,Gabriel Bortoleto,39,6
2025,14,Liam Lawson,39,7
2025,14,Max Verstappen,39,8
2025,14,Lewis Hamilton,39,9
2025,14,Nico Hülkenberg,39,10
2025,14,Lance Stroll,39,11
2025,14,Carlos Sainz,39,12
2025,14,Esteban Ocon,39,13
2025,14,Andrea Kimi Antonelli,39,14
2025,14,Isack Hadjar,39,15
2025,14,Oliver Bearman,39,16
2025,14,Pierre Gasly,39,17
2025,14,Alexander Albon,39,18
2025,14,Yuki Tsunoda,39,19
2025,14,Franco Colapinto,39,20
2025,14,Oscar Piastri,40,1
2025,14,Charles Leclerc,40,2
2025,14,George Russell,40,3
2025,14,Lando Norris,40,4
2025,14,Gabriel Bortoleto,40,5
2025,14,Max Verstappen,40,6
2025,14,Liam Lawson,40,7
2025,14,Fernando Alonso,40,8
2025,14,Lewis Hamilton,40,9
2025,14,Nico Hülkenberg,40,10
2025,14,Lance Stroll,40,11
2025,14,Carlos Sainz,40,12
2025,14,Esteban Ocon,40,13
2025,14,Andrea Kimi Antonelli,40,14
2025,14,Isack Hadjar,40,15
2025,14,Oliver Bearman,40,16
2025,14,Pierre Gasly,40,17
2025,14,Alexander Albon,40,18
2025,14,Yuki Tsunoda,40,19
2025,14,Franco Colapinto,40,20
2025,14,Oscar Piastri,41,1
2025,14,George Russell,41,2
2025,14,Lando Norris,41,3
2025,14,Charles Leclerc,41,4
2025,14,Max Verstappen,41,5
2025,14,Fernando Alonso,41,6
2025,14,Lewis Hamilton,41,7
2025,14,Gabriel Bortoleto,41,8
2025,14,Lance Stroll,41,9
2025,14,Carlos Sainz,41,10
2025,14,Nico Hülkenberg,41,11
2025,14,Liam Lawson,41,12
2025,14,Andrea Kimi Antonelli,41,13
2025,14,Esteban Ocon,41,14
2025,14,Isack Hadjar,41,15
2025,14,Oliver Bearman,41,16
2025,14,Pierre Gasly,41,17
2025,14,Alexander Albon,41,18
2025,14,Yuki Tsunoda,41,19
2025,14,Franco Colapinto,41,20
2025,14,Oscar Piastri,42,1
2025,14,George Russell,42,2
2025,14,Lando Norris,42,3
2025,14,Charles Leclerc,42,4
2025,14,Max Verstappen,42,5
2025,14,Fernando Alonso,42,6
2025,14,Gabriel Bortoleto,42,7
2025,14,Lance Stroll,42,8
2025,14,Lewis Hamilton,42,9
2025,14,Carlos Sainz,42,10
2025,14,Liam Lawson,42,11
2025,14,Andrea Kimi Antonelli,42,12
2025,14,Esteban Ocon,42,13
2025,14,Isack Hadjar,42,14
2025,14,Oliver Bearman,42,15
2025,14,Pierre Gasly,42,16
2025,14,Alexander Albon,42,17
2025,14,Yuki Tsunoda,42,18
2025,14,Nico Hülkenberg,42,19
2025,14,Franco Colapinto,42,20
2025,14,Oscar Piastri,43,1
2025,14,Lando Norris,43,2
2025,14,George Russell,43,3
2025,14,Charles Leclerc,43,4
2025,14,Max Verstappen,43,5
2025,14,Fernando Alonso,43,6
2025,14,Gabriel Bortoleto,43,7
2025,14,Lance Stroll,43,8
2025,14,Liam Lawson,43,9
2025,14,Carlos Sainz,43,10
2025,14,Andrea Kimi Antonelli,43,11
2025,14,Esteban Ocon,43,12
2025,14,Isack Hadjar,43,13
2025,14,Oliver Bearman,43,14
2025,14,Pierre Gasly,43,15
2025,14,Lewis Hamilton,43,16
2025,14,Alexander Albon,43,17
2025,14,Yuki Tsunoda,43,18
2025,14,Nico Hülkenberg,43,19
2025,14,Franco Colapinto,43,20
2025,14,Oscar Piastri,44,1
2025,14,Lando Norris,44,2
2025,14,Charles Leclerc,44,3
2025,14,George Russell,44,4
2025,14,Max Verstappen,44,5
2025,14,Fernando Alonso,44,6
2025,14,Gabriel Bortoleto,44,7
2025,14,Lance Stroll,44,8
2025,14,Liam Lawson,44,9
2025,14,Carlos Sainz,44,10
2025,14,Andrea Kimi Antonelli,44,11
2025,14,Isack Hadjar,44,12
2025,14,Esteban Ocon,44,13
2025,14,Oliver Bearman,44,14
2025,14,Pierre Gasly,44,15
2025,14,Lewis Hamilton,44,16
2025,14,Alexander Albon,44,17
2025,14,Yuki Tsunoda,44,18
2025,14,Nico Hülkenberg,44,19
2025,14,Franco Colapinto,44,20
2025,14,Oscar Piastri,45,1
2025,14,Lando Norris,45,2
2025,14,Charles Leclerc,45,3
2025,14,George Russell,45,4
2025,14,Max Verstappen,45,5
2025,14,Fernando Alonso,45,6
2025,14,Gabriel Bortoleto,45,7
2025,14,Lance Stroll,45,8
2025,14,Liam Lawson,45,9
2025,14,Andrea Kimi Antonelli,45,10
2025,14,Carlos Sainz,45,11
2025,14,Isack Hadjar,45,12
2025,14,Esteban Ocon,45,13
2025,14,Oliver Bearman,45,14
2025,14,Pierre Gasly,45,15
2025,14,Lewis Hamilton,45,16
2025,14,Alexander Albon,45,17
2025,14,Yuki Tsunoda,45,18
2025,14,Nico Hülkenberg,45,19
2025,14,Franco Colapinto,45,20
2025,14,Lando Norris,46,1
2025,14,Charles Leclerc,46,2
2025,14,Oscar Piastri,46,3
2025,14,George Russell,46,4
2025,14,Max Verstappen,46,5
2025,14,Fernando Alonso,46,6
2025,14,Gabriel Bortoleto,46,7
2025,14,Lance Stroll,46,8
2025,14,Liam Lawson,46,9
2025,14,Andrea Kimi Antonelli,46,10
2025,14,Carlos Sainz,46,11
2025,14,Isack Hadjar,46,12
2025,14,Esteban Ocon,46,13
2025,14,Pierre Gasly,46,14
2025,14,Oliver Bearman,46,15
2025,14,Lewis Hamilton,46,16
2025,14,Alexander Albon,46,17
2025,14,Yuki Tsunoda,46,18
2025,14,Nico Hülkenberg,46,19
2025,14,Franco Colapinto,46,20
2025,14,Lando Norris,47,1
2025,14,Charles Leclerc,47,2
2025,14,Oscar Piastri,47,3
2025,14,George Russell,47,4
2025,14,Max Verstappen,47,5
2025,14,Fernando Alonso,47,6
2025,14,Gabriel Bortoleto,47,7
2025,14,Lance Stroll,47,8
2025,14,Liam Lawson,47,9
2025,14,Andrea Kimi Antonelli,47,10
2025,14,Isack Hadjar,47,11
2025,14,Carlos Sainz,47,12
2025,14,Esteban Ocon,47,13
2025,14,Pierre Gasly,47,14
2025,14,Lewis Hamilton,47,15
2025,14,Oliver Bearman,47,16
2025,14,Alexander Albon,47,17
2025,14,Yuki Tsunoda,47,18
2025,14,Nico Hülkenberg,47,19
2025,14,Franco Colapinto,47,20
2025,14,Lando Norris,48,1
2025,14,Charles Leclerc,48,2
2025,14,Oscar Piastri,48,3
2025,14,George Russell,48,4
2025,14,Max Verstappen,48,5
2025,14,Fernando Alonso,48,6
2025,14,Gabriel Bortoleto,48,7
2025,14,Lance Stroll,48,8
2025,14,Liam Lawson,48,9
2025,14,Andrea Kimi Antonelli,48,10
2025,14,Isack Hadjar,48,11
2025,14,Carlos Sainz,48,12
2025,14,Esteban Ocon,48,13
2025,14,Pierre Gasly,48,14
2025,14,Lewis Hamilton,48,15
2025,14,Alexander Albon,48,16
2025,14,Yuki Tsunoda,48,17
2025,14,Nico Hülkenberg,48,18
2025,14,Oliver Bearman,48,19
2025,14,Franco Colapinto,48,20
2025,14,Lando Norris,49,1
2025,14,Charles Leclerc,49,2
2025,14,Oscar Piastri,49,3
2025,14,George Russell,49,4
2025,14,Fernando Alonso,49,5
2025,14,Gabriel Bortoleto,49,6
2025,14,Lance Stroll,49,7
2025,14,Liam Lawson,49,8
2025,14,Max Verstappen,49,9
2025,14,Andrea Kimi Antonelli,49,10
2025,14,Isack Hadjar,49,11
2025,14,Carlos Sainz,49,12
2025,14,Esteban Ocon,49,13
2025,14,Lewis Hamilton,49,14
2025,14,Pierre Gasly,49,15
2025,14,Alexander Albon,49,16
2025,14,Nico Hülkenberg,49,17
2025,14,Yuki Tsunoda,49,18
2025,14,Franco Colapinto,49,19
2025,14,Lando Norris,50,1
2025,14,Charles Leclerc,50,2
2025,14,Oscar Piastri,50,3
2025,14,George Russell,50,4
2025,14,Fernando Alonso,50,5
2025,14,Gabriel Bortoleto,50,6
2025,14,Lance Stroll,50,7
2025,14,Liam Lawson,50,8
2025,14,Max Verstappen,50,9
2025,14,Andrea Kimi Antonelli,50,10
2025,14,Isack Hadjar,50,11
2025,14,Carlos Sainz,50,12
2025,14,Lewis Hamilton,50,13
2025,14,Esteban Ocon,50,14
2025,14,Pierre Gasly,50,15
2025,14,Alexander Albon,50,16
2025,14,Nico Hülkenberg,50,17
2025,14,Yuki Tsunoda,50,18
2025,14,Franco Colapinto,50,19
2025,14,Lando Norris,51,1
2025,14,Oscar Piastri,51,2
2025,14,Charles Leclerc,51,3
2025,14,George Russell,51,4
2025,14,Fernando Alonso,51,5
2025,14,Gabriel Bortoleto,51,6
2025,14,Lance Stroll,51,7
2025,14,Liam Lawson,51,8
2025,14,Max Verstappen,51,9
2025,14,Andrea Kimi Antonelli,51,10
2025,14,Isack Hadjar,51,11
2025,14,Lewis Hamilton,51,12
2025,14,Esteban Ocon,51,13
2025,14,Carlos Sainz,51,14
2025,14,Pierre Gasly,51,15
2025,14,Alexander Albon,51,16
2025,14,Nico Hülkenberg,51,17
2025,14,Yuki Tsunoda,51,18
2025,14,Franco Colapinto,51,19
2025,14,Lando Norris,52,1
2025,14,Oscar Piastri,52,2
2025,14,Charles Leclerc,52,3
2025,14,George Russell,52,4
2025,14,Fernando Alonso,52,5
2025,14,Gabriel Bortoleto,52,6
2025,14,Lance Stroll,52,7
2025,14,Liam Lawson,52,8
2025,14,Max Verstappen,52,9
2025,14,Andrea Kimi Antonelli,52,10
2025,14,Isack Hadjar,52,11
2025,14,Lewis Hamilton,52,12
2025,14,Esteban Ocon,52,13
2025,14,Pierre Gasly,52,14
2025,14,Alexander Albon,52,15
2025,14,Nico Hülkenberg,52,16
2025,14,Yuki Tsunoda,52,17
2025,14,Carlos Sainz,52,18
2025,14,Franco Colapinto,52,19
2025,14,Lando Norris,53,1
2025,14,Oscar Piastri,53,2
2025,14,Charles Leclerc,53,3
2025,14,George Russell,53,4
2025,14,Fernando Alonso,53,5
2025,14,Gabriel Bortoleto,53,6
2025,14,Lance Stroll,53,7
2025,14,Liam Lawson,53,8
2025,14,Max Verstappen,53,9
2025,14,Andrea Kimi Antonelli,53,10
2025,14,Isack Hadjar,53,11
2025,14,Lewis Hamilton,53,12
2025,14,Esteban Ocon,53,13
2025,14,Pierre Gasly,53,14
2025,14,Alexander Albon,53,15
2025,14,Nico Hülkenberg,53,16
2025,14,Carlos Sainz,53,17
2025,14,Yuki Tsunoda,53,18
2025,14,Franco Colapinto,53,19
2025,14,Lando Norris,54,1
2025,14,Oscar Piastri,54,2
2025,14,Charles Leclerc,54,3
2025,14,George Russell,54,4
2025,14,Fernando Alonso,54,5
2025,14,Gabriel Bortoleto,54,6
2025,14,Lance Stroll,54,7
2025,14,Liam Lawson,54,8
2025,14,Max Verstappen,54,9
2025,14,Andrea Kimi Antonelli,54,10
2025,14,Isack Hadjar,54,11
2025,14,Lewis Hamilton,54,12
2025,14,Esteban Ocon,54,13
2025,14,Pierre Gasly,54,14
2025,14,Alexander Albon,54,15
2025,14,Nico Hülkenberg,54,16
2025,14,Carlos Sainz,54,17
2025,14,Yuki Tsunoda,54,18
2025,14,Franco Colapinto,54,19
2025,14,Lando Norris,55,1
2025,14,Oscar Piastri,55,2
2025,14,Charles Leclerc,55,3
2025,14,George Russell,55,4
2025,14,Fernando Alonso,55,5
2025,14,Gabriel Bortoleto,55,6
2025,14,Lance Stroll,55,7
2025,14,Liam Lawson,55,8
2025,14,Max Verstappen,55,9
2025,14,Andrea Kimi Antonelli,55,10
2025,14,Isack Hadjar,55,11
2025,14,Lewis Hamilton,55,12
2025,14,Esteban Ocon,55,13
2025,14,Pierre Gasly,55,14
2025,14,Alexander Albon,55,15
2025,14,Nico Hülkenberg,55,16
2025,14,Carlos Sainz,55,17
2025,14,Yuki Tsunoda,55,18
2025,14,Franco Colapinto,55,19
2025,14,Lando Norris,56,1
2025,14,Oscar Piastri,56,2
2025,14,Charles Leclerc,56,3
2025,14,George Russell,56,4
2025,14,Fernando Alonso,56,5
2025,14,Gabriel Bortoleto,56,6
2025,14,Lance Stroll,56,7
2025,14,Liam Lawson,56,8
2025,14,Max Verstappen,56,9
2025,14,Andrea Kimi Antonelli,56,10
2025,14,Isack Hadjar,56,11
2025,14,Lewis Hamilton,56,12
2025,14,Esteban Ocon,56,13
2025,14,Pierre Gasly,56,14
2025,14,Alexander Albon,56,15
2025,14,Nico Hülkenberg,56,16
2025,14,Carlos Sainz,56,17
2025,14,Yuki Tsunoda,56,18
2025,14,Franco Colapinto,56,19
2025,14,Lando Norris,57,1
2025,14,Oscar Piastri,57,2
2025,14,Charles Leclerc,57,3
2025,14,George Russell,57,4
2025,14,Fernando Alonso,57,5
2025,14,Gabriel Bortoleto,57,6
2025,14,Lance Stroll,57,7
2025,14,Liam Lawson,57,8
2025,14,Max Verstappen,57,9
2025,14,Andrea Kimi Antonelli,57,10
2025,14,Isack Hadjar,57,11
2025,14,Lewis Hamilton,57,12
2025,14,Esteban Ocon,57,13
2025,14,Pierre Gasly,57,14
2025,14,Alexander Albon,57,15
2025,14,Nico Hülkenberg,57,16
2025,14,Carlos Sainz,57,17
2025,14,Yuki Tsunoda,57,18
2025,14,Franco Colapinto,57,19
2025,14,Lando Norris,58,1
2025,14,Oscar Piastri,58,2
2025,14,Charles Leclerc,58,3
2025,14,George Russell,58,4
2025,14,Fernando Alonso,58,5
2025,14,Gabriel Bortoleto,58,6
2025,14,Lance Stroll,58,7
2025,14,Liam Lawson,58,8
2025,14,Max Verstappen,58,9
2025,14,Andrea Kimi Antonelli,58,10
2025,14,Isack Hadjar,58,11
2025,14,Lewis Hamilton,58,12
2025,14,Esteban Ocon,58,13
2025,14,Pierre Gasly,58,14
2025,14,Alexander Albon,58,15
2025,14,Carlos Sainz,58,16
2025,14,Nico Hülkenberg,58,17
2025,14,Yuki Tsunoda,58,18
2025,14,Franco Colapinto,58,19
2025,14,Lando Norris,59,1
2025,14,Oscar Piastri,59,2
2025,14,Charles Leclerc,59,3
2025,14,George Russell,59,4
2025,14,Fernando Alonso,59,5
2025,14,Gabriel Bortoleto,59,6
2025,14,Lance Stroll,59,7
2025,14,Liam Lawson,59,8
2025,14,Max Verstappen,59,9
2025,14,Andrea Kimi Antonelli,59,10
2025,14,Isack Hadjar,59,11
2025,14,Lewis Hamilton,59,12
2025,14,Esteban Ocon,59,13
2025,14,Pierre Gasly,59,14
2025,14,Carlos Sainz,59,15
2025,14,Alexander Albon,59,16
2025,14,Nico Hülkenberg,59,17
2025,14,Yuki Tsunoda,59,18
2025,14,Franco Colapinto,59,19
2025,14,Lando Norris,60,1
2025,14,Oscar Piastri,60,2
2025,14,Charles Leclerc,60,3
2025,14,George Russell,60,4
2025,14,Fernando Alonso,60,5
2025,14,Gabriel Bortoleto,60,6
2025,14,Lance Stroll,60,7
2025,14,Liam Lawson,60,8
2025,14,Max Verstappen,60,9
2025,14,Andrea Kimi Antonelli,60,10
2025,14,Isack Hadjar,60,11
2025,14,Lewis Hamilton,60,12
2025,14,Esteban Ocon,60,13
2025,14,Pierre Gasly,60,14
2025,14,Carlos Sainz,60,15
2025,14,Nico Hülkenberg,60,16
2025,14,Alexander Albon,60,17
2025,14,Yuki Tsunoda,60,18
2025,14,Franco Colapinto,60,19
2025,14,Lando Norris,61,1
2025,14,Oscar Piastri,61,2
2025,14,Charles Leclerc,61,3
2025,14,George Russell,61,4
2025,14,Fernando Alonso,61,5
2025,14,Gabriel Bortoleto,61,6
2025,14,Lance Stroll,61,7
2025,14,Liam Lawson,61,8
2025,14,Max Verstappen,61,9
2025,14,Andrea Kimi Antonelli,61,10
2025,14,Isack Hadjar,61,11
2025,14,Lewis Hamilton,61,12
2025,14,Esteban Ocon,61,13
2025,14,Pierre Gasly,61,14
2025,14,Nico Hülkenberg,61,15
2025,14,Carlos Sainz,61,16
2025,14,Alexander Albon,61,17
2025,14,Yuki Tsunoda,61,18
2025,14,Franco Colapinto,61,19
2025,14,Lando Norris,62,1
2025,14,Oscar Piastri,62,2
2025,14,George Russell,62,3
2025,14,Charles Leclerc,62,4
2025,14,Fernando Alonso,62,5
2025,14,Gabriel Bortoleto,62,6
2025,14,Lance Stroll,62,7
2025,14,Liam Lawson,62,8
2025,14,Max Verstappen,62,9
2025,14,Andrea Kimi Antonelli,62,10
2025,14,Isack Hadjar,62,11
2025,14,Lewis Hamilton,62,12
2025,14,Esteban Ocon,62,13
2025,14,Pierre Gasly,62,14
2025,14,Nico Hülkenberg,62,15
2025,14,Carlos Sainz,62,16
2025,14,Alexander Albon,62,17
2025,14,Yuki Tsunoda,62,18
2025,14,Franco Colapinto,62,19
2025,14,Lando Norris,63,1
2025,14,Oscar Piastri,63,2
2025,14,George Russell,63,3
2025,14,Charles Leclerc,63,4
2025,14,Fernando Alonso,63,5
2025,14,Gabriel Bortoleto,63,6
2025,14,Lance Stroll,63,7
2025,14,Liam Lawson,63,8
2025,14,Max Verstappen,63,9
2025,14,Andrea Kimi Antonelli,63,10
2025,14,Isack Hadjar,63,11
2025,14,Lewis Hamilton,63,12
2025,14,Esteban Ocon,63,13
2025,14,Nico Hülkenberg,63,14
2025,14,Carlos Sainz,63,15
2025,14,Pierre Gasly,63,16
2025,14,Alexander Albon,63,17
2025,14,Yuki Tsunoda,63,18
2025,14,Franco Colapinto,63,19
2025,14,Lando Norris,64,1
2025,14,Oscar Piastri,64,2
2025,14,George Russell,64,3
2025,14,Charles Leclerc,64,4
2025,14,Fernando Alonso,64,5
2025,14,Gabriel Bortoleto,64,6
2025,14,Lance Stroll,64,7
2025,14,Liam Lawson,64,8
2025,14,Max Verstappen,64,9
2025,14,Andrea Kimi Antonelli,64,10
2025,14,Isack Hadjar,64,11
2025,14,Lewis Hamilton,64,12
2025,14,Nico Hülkenberg,64,13
2025,14,Esteban Ocon,64,14
2025,14,Carlos Sainz,64,15
2025,14,Alexander Albon,64,16
2025,14,Pierre Gasly,64,17
2025,14,Yuki Tsunoda,64,18
2025,14,Franco Colapinto,64,19
2025,14,Lando Norris,65,1
2025,14,Oscar Piastri,65,2
2025,14,George Russell,65,3
2025,14,Charles Leclerc,65,4
2025,14,Fernando Alonso,65,5
2025,14,Gabriel Bortoleto,65,6
2025,14,Lance Stroll,65,7
2025,14,Liam Lawson,65,8
2025,14,Max Verstappen,65,9
2025,14,Andrea Kimi Antonelli,65,10
2025,14,Isack Hadjar,65,11
2025,14,Lewis Hamilton,65,12
2025,14,Nico Hülkenberg,65,13
2025,14,Carlos Sainz,65,14
2025,14,Esteban Ocon,65,15
2025,14,Alexander Albon,65,16
2025,14,Pierre Gasly,65,17
2025,14,Yuki Tsunoda,65,18
2025,14,Franco Colapinto,65,19
2025,14,Lando Norris,66,1
2025,14,Oscar Piastri,66,2
2025,14,George Russell,66,3
2025,14,Charles Leclerc,66,4
2025,14,Fernando Alonso,66,5
2025,14,Gabriel Bortoleto,66,6
2025,14,Lance Stroll,66,7
2025,14,Liam Lawson,66,8
2025,14,Max Verstappen,66,9
2025,14,Andrea Kimi Antonelli,66,10
2025,14,Isack Hadjar,66,11
2025,14,Lewis Hamilton,66,12
2025,14,Nico Hülkenberg,66,13
2025,14,Carlos Sainz,66,14
2025,14,Alexander Albon,66,15
2025,14,Esteban Ocon,66,16
2025,14,Pierre Gasly,66,17
2025,14,Yuki Tsunoda,66,18
2025,14,Franco Colapinto,66,19
2025,14,Lando Norris,67,1
2025,14,Oscar Piastri,67,2
2025,14,George Russell,67,3
2025,14,Charles Leclerc,67,4
2025,14,Fernando Alonso,67,5
2025,14,Gabriel Bortoleto,67,6
2025,14,Lance Stroll,67,7
2025,14,Liam Lawson,67,8
2025,14,Max Verstappen,67,9
2025,14,Andrea Kimi Antonelli,67,10
2025,14,Isack Hadjar,67,11
2025,14,Lewis Hamilton,67,12
2025,14,Nico Hülkenberg,67,13
2025,14,Carlos Sainz,67,14
2025,14,Alexander Albon,67,15
2025,14,Esteban Ocon,67,16
2025,14,Pierre Gasly,67,17
2025,14,Yuki Tsunoda,67,18
2025,14,Franco Colapinto,67,19
2025,14,Lando Norris,68,1
2025,14,Oscar Piastri,68,2
2025,14,George Russell,68,3
2025,14,Charles Leclerc,68,4
2025,14,Fernando Alonso,68,5
2025,14,Gabriel Bortoleto,68,6
2025,14,Lance Stroll,68,7
2025,14,Liam Lawson,68,8
2025,14,Max Verstappen,68,9
2025,14,Andrea Kimi Antonelli,68,10
2025,14,Isack Hadjar,68,11
2025,14,Lewis Hamilton,68,12
2025,14,Nico Hülkenberg,68,13
2025,14,Carlos Sainz,68,14
2025,14,Alexander Albon,68,15
2025,14,Esteban Ocon,68,16
2025,14,Pierre Gasly,68,17
2025,14,Yuki Tsunoda,68,18
2025,14,Franco Colapinto,68,19
2025,14,Lando Norris,69,1
2025,14,Oscar Piastri,69,2
2025,14,George Russell,69,3
2025,14,Charles Leclerc,69,4
2025,14,Fernando Alonso,69,5
2025,14,Gabriel Bortoleto,69,6
2025,14,Lance Stroll,69,7
2025,14,Liam Lawson,69,8
2025,14,Max Verstappen,69,9
2025,14,Andrea Kimi Antonelli,69,10
2025,14,Isack Hadjar,69,11
2025,14,Lewis Hamilton,69,12
2025,14,Nico Hülkenberg,69,13
2025,14,Carlos Sainz,69,14
2025,14,Alexander Albon,69,15
2025,14,Esteban Ocon,69,16
2025,14,Pierre Gasly,69,17
2025,14,Yuki Tsunoda,69,18
2025,14,Franco Colapinto,69,19
2025,14,Lando Norris,70,1
2025,14,Oscar Piastri,70,2
2025,14,George Russell,70,3
2025,14,Charles Leclerc,70,4
2025,14,Fernando Alonso,70,5
2025,14,Gabriel Bortoleto,70,6
2025,14,Lance Stroll,70,7
2025,14,Liam Lawson,70,8
2025,14,Max Verstappen,70,9
2025,19,Max Verstappen,1,1
2025,19,Charles Leclerc,1,2
2025,19,Lando Norris,1,3
2025,19,Lewis Hamilton,1,4
2025,19,Oscar Piastri,1,5
2025,19,George Russell,1,6
2025,19,Andrea Kimi Antonelli,1,7
2025,19,Oliver Bearman,1,8
2025,19,Carlos Sainz,1,9
2025,19,Yuki Tsunoda,1,10
2025,19,Nico Hülkenberg,1,11
2025,19,Fernando Alonso,1,12
2025,19,Liam Lawson,1,13
2025,19,Pierre Gasly,1,14
2025,19,Esteban Ocon,1,15
2025,19,Gabriel Bortoleto,1,16
2025,19,Franco Colapinto,1,17
2025,19,Lance Stroll,1,18
2025,19,Isack Hadjar,1,19
2025,19,Alexander Albon,1,20
2025,19,Max Verstappen,2,1
2025,19,Charles Leclerc,2,2
2025,19,Lando Norris,2,3
2025,19,Lewis Hamilton,2,4
2025,19,Oscar Piastri,2,5
2025,19,George Russell,2,6
2025,19,Andrea Kimi Antonelli,2,7
2025,19,Carlos Sainz,2,8
2025,19,Oliver Bearman,2,9
2025,19,Yuki Tsunoda,2,10
2025,19,Nico Hülkenberg,2,11
2025,19,Fernando Alonso,2,12
2025,19,Liam Lawson,2,13
2025,19,Pierre Gasly,2,14
2025,19,Gabriel Bortoleto,2,15
2025,19,Franco Colapinto,2,16
2025,19,Esteban Ocon,2,17
2025,19,Lance Stroll,2,18
2025,19,Isack Hadjar,2,19
2025,19,Alexander Albon,2,20
2025,19,Max Verstappen,3,1
2025,19,Charles Leclerc,3,2
2025,19,Lando Norris,3,3
2025,19,Lewis Hamilton,3,4
2025,19,Oscar Piastri,3,5
2025,19,George Russell,3,6
2025,19,Andrea Kimi Antonelli,3,7
2025,19,Carlos Sainz,3,8
2025,19,Yuki Tsunoda,3,9
2025,19,Oliver Bearman,3,10
2025,19,Nico Hülkenberg,3,11
2025,19,Fernando Alonso,3,12
2025,19,Liam Lawson,3,13
2025,19,Pierre Gasly,3,14
2025,19,Gabriel Bortoleto,3,15
2025,19,Franco Colapinto,3,16
2025,19,Lance Stroll,3,17
2025,19,Esteban Ocon,3,18
2025,19,Isack Hadjar,3,19
2025,19,Alexander Albon,3,20
2025,19,Max Verstappen,4,1
2025,19,Charles Leclerc,4,2
2025,19,Lando Norris,4,3
2025,19,Lewis Hamilton,4,4
2025,19,Oscar Piastri,4,5
2025,19,George Russell,4,6
2025,19,Andrea Kimi Antonelli,4,7
2025,19,Carlos Sainz,4,8
2025,19,Yuki Tsunoda,4,9
2025,19,Oliver Bearman,4,10
2025,19,Nico Hülkenberg,4,11
2025,19,Fernando Alonso,4,12
2025,19,Liam Lawson,4,13
2025,19,Pierre Gasly,4,14
2025,19,Gabriel Bortoleto,4,15
2025,19,Franco Colapinto,4,16
2025,19,Lance Stroll,4,17
2025,19,Esteban Ocon,4,18
2025,19,Isack Hadjar,4,19
2025,19,Alexander Albon,4,20
2025,19,Max Verstappen,5,1
2025,19,Charles Leclerc,5,2
2025,19,Lando Norris,5,3
2025,19,Lewis Hamilton,5,4
2025,19,Oscar Piastri,5,5
2025,19,George Russell,5,6
2025,19,Andrea Kimi Antonelli,5,7
2025,19,Carlos Sainz,5,8
2025,19,Yuki Tsunoda,5,9
2025,19,Oliver Bearman,5,10
2025,19,Nico Hülkenberg,5,11
2025,19,Fernando Alonso,5,12
2025,19,Liam Lawson,5,13
2025,19,Pierre Gasly,5,14
2025,19,Gabriel Bortoleto,5,15
2025,19,Franco Colapinto,5,16
2025,19,Lance Stroll,5,17
2025,19,Esteban Ocon,5,18
2025,19,Isack Hadjar,5,19
2025,19,Alexander Albon,5,20
2025,19,Max Verstappen,6,1
2025,19,Charles Leclerc,6,2
2025,19,Lando Norris,6,3
2025,19,Lewis Hamilton,6,4
2025,19,Oscar Piastri,6,5
2025,19,George Russell,6,6
2025,19,Yuki Tsunoda,6,7
2025,19,Oliver Bearman,6,8
2025,19,Nico Hülkenberg,6,9
2025,19,Fernando Alonso,6,10
2025,19,Liam Lawson,6,11
2025,19,Pierre Gasly,6,12
2025,19,Gabriel Bortoleto,6,13
2025,19,Franco Colapinto,6,14
2025,19,Lance Stroll,6,15
2025,19,Esteban Ocon,6,16
2025,19,Isack Hadjar,6,17
2025,19,Alexander Albon,6,18
2025,19,Andrea Kimi Antonelli,6,19
2025,19,Max Verstappen,7,1
2025,19,Charles Leclerc,7,2
2025,19,Lando Norris,7,3
2025,19,Lewis Hamilton,7,4
2025,19,Oscar Piastri,7,5
2025,19,George Russell,7,6
2025,19,Yuki Tsunoda,7,7
2025,19,Oliver Bearman,7,8
2025,19,Nico Hülkenberg,7,9
2025,19,Fernando Alonso,7,10
2025,19,Liam Lawson,7,11
2025,19,Pierre Gasly,7,12
2025,19,Gabriel Bortoleto,7,13
2025,19,Franco Colapinto,7,14
2025,19,Lance Stroll,7,15
2025,19,Esteban Ocon,7,16
2025,19,Alexander Albon,7,17
2025,19,Isack Hadjar,7,18
2025,19,Andrea Kimi Antonelli,7,19
2025,19,Max Verstappen,8,1
2025,19,Charles Leclerc,8,2
2025,19,Lando Norris,8,3
2025,19,Lewis Hamilton,8,4
2025,19,Oscar Piastri,8,5
2025,19,George Russell,8,6
2025,19,Yuki Tsunoda,8,7
2025,19,Oliver Bearman,8,8
2025,19,Nico Hülkenberg,8,9
2025,19,Fernando Alonso,8,10
2025,19,Liam Lawson,8,11
2025,19,Pierre Gasly,8,12
2025,19,Gabriel Bortoleto,8,13
2025,19,Franco Colapinto,8,14
2025,19,Lance Stroll,8,15
2025,19,Esteban Ocon,8,16
2025,19,Isack Hadjar,8,17
2025,19,Andrea Kimi Antonelli,8,18
2025,19,Alexander Albon,8,19
2025,19,Max Verstappen,9,1
2025,19,Charles Leclerc,9,2
2025,19,Lando Norris,9,3
2025,19,Lewis Hamilton,9,4
2025,19,Oscar Piastri,9,5
2025,19,George Russell,9,6
2025,19,Yuki Tsunoda,9,7
2025,19,Oliver Bearman,9,8
2025,19,Nico Hülkenberg,9,9
2025,19,Fernando Alonso,9,10
2025,19,Liam Lawson,9,11
2025,19,Pierre Gasly,9,12
2025,19,Gabriel Bortoleto,9,13
2025,19,Franco Colapinto,9,14
2025,19,Lance Stroll,9,15
2025,19,Esteban Ocon,9,16
2025,19,Isack Hadjar,9,17
2025,19,Andrea Kimi Antonelli,9,18
2025,19,Alexander Albon,9,19
2025,19,Max Verstappen,10,1
2025,19,Charles Leclerc,10,2
2025,19,Lando Norris,10,3
2025,19,Lewis Hamilton,10,4
2025,19,Oscar Piastri,10,5
2025,19,George Russell,10,6
2025,19,Yuki Tsunoda,10,7
2025,19,Oliver Bearman,10,8
2025,19,Nico Hülkenberg,10,9
2025,19,Fernando Alonso,10,10
2025,19,Liam Lawson,10,11
2025,19,Pierre Gasly,10,12
2025,19,Gabriel Bortoleto,10,13
2025,19,Franco Colapinto,10,14
2025,19,Lance Stroll,10,15
2025,19,Esteban Ocon,10,16
2025,19,Isack Hadjar,10,17
2025,19,Andrea Kimi Antonelli,10,18
2025,19,Alexander Albon,10,19
2025,19,Max Verstappen,11,1
2025,19,Charles Leclerc,11,2
2025,19,Lando Norris,11,3
2025,19,Lewis Hamilton,11,4
2025,19,Oscar Piastri,11,5
2025,19,George Russell,11,6
2025,19,Yuki Tsunoda,11,7
2025,19,Oliver Bearman,11,8
2025,19,Nico Hülkenberg,11,9
2025,19,Fernando Alonso,11,10
2025,19,Liam Lawson,11,11
2025,19,Pierre Gasly,11,12
2025,19,Gabriel Bortoleto,11,13
2025,19,Franco Colapinto,11,14
2025,19,Lance Stroll,11,15
2025,19,Esteban Ocon,11,16
2025,19,Isack Hadjar,11,17
2025,19,Andrea Kimi Antonelli,11,18
2025,19,Alexander Albon,11,19
2025,19,Max Verstappen,12,1
2025,19,Charles Leclerc,12,2
2025,19,Lando Norris,12,3
2025,19,Lewis Hamilton,12,4
2025,19,Oscar Piastri,12,5
2025,19,George Russell,12,6
2025,19,Yuki Tsunoda,12,7
2025,19,Oliver Bearman,12,8
2025,19,Nico Hülkenberg,12,9
2025,19,Fernando Alonso,12,10
2025,19,Liam Lawson,12,11
2025,19,Pierre Gasly,12,12
2025,19,Gabriel Bortoleto,12,13
2025,19,Lance Stroll,12,14
2025,19,Franco Colapinto,12,15
2025,19,Esteban Ocon,12,16
2025,19,Isack Hadjar,12,17
2025,19,Andrea Kimi Antonelli,12,18
2025,19,Alexander Albon,12,19
2025,19,Max Verstappen,13,1
2025,19,Charles Leclerc,13,2
2025,19,Lando Norris,13,3
2025,19,Lewis Hamilton,13,4
2025,19,Oscar Piastri,13,5
2025,19,George Russell,13,6
2025,19,Yuki Tsunoda,13,7
2025,19,Oliver Bearman,13,8
2025,19,Nico Hülkenberg,13,9
2025,19,Fernando Alonso,13,10
2025,19,Liam Lawson,13,11
2025,19,Pierre Gasly,13,12
2025,19,Gabriel Bortoleto,13,13
2025,19,Lance Stroll,13,14
2025,19,Franco Colapinto,13,15
2025,19,Esteban Ocon,13,16
2025,19,Isack Hadjar,13,17
2025,19,Andrea Kimi Antonelli,13,18
2025,19,Alexander Albon,13,19
2025,19,Max Verstappen,14,1
2025,19,Charles Leclerc,14,2
2025,19,Lando Norris,14,3
2025,19,Lewis Hamilton,14,4
2025,19,Oscar Piastri,14,5
2025,19,George Russell,14,6
2025,19,Yuki Tsunoda,14,7
2025,19,Oliver Bearman,14,8
2025,19,Nico Hülkenberg,14,9
2025,19,Fernando Alonso,14,10
2025,19,Liam Lawson,14,11
2025,19,Pierre Gasly,14,12
2025,19,Gabriel Bortoleto,14,13
2025,19,Lance Stroll,14,14
2025,19,Franco Colapinto,14,15
2025,19,Esteban Ocon,14,16
2025,19,Isack Hadjar,14,17
2025,19,Andrea Kimi Antonelli,14,18
2025,19,Alexander Albon,14,19
2025,19,Max Verstappen,15,1
2025,19,Charles Leclerc,15,2
2025,19,Lando Norris,15,3
2025,19,Lewis Hamilton,15,4
2025,19,Oscar Piastri,15,5
2025,19,George Russell,15,6
2025,19,Yuki Tsunoda,15,7
2025,19,Oliver Bearman,15,8
2025,19,Nico Hülkenberg,15,9
2025,19,Fernando Alonso,15,10
2025,19,Liam Lawson,15,11
2025,19,Pierre Gasly,15,12
2025,19,Lance Stroll,15,13
2025,19,Franco Colapinto,15,14
2025,19,Esteban Ocon,15,15
2025,19,Isack Hadjar,15,16
2025,19,Andrea Kimi Antonelli,15,17
2025,19,Alexander Albon,15,18
2025,19,Gabriel Bortoleto,15,19
2025,19,Max Verstappen,16,1
2025,19,Charles Leclerc,16,2
2025,19,Lando Norris,16,3
2025,19,Lewis Hamilton,16,4
2025,19,Oscar Piastri,16,5
2025,19,George Russell,16,6
2025,19,Yuki Tsunoda,16,7
2025,19,Oliver Bearman,16,8
2025,19,Nico Hülkenberg,16,9
2025,19,Fernando Alonso,16,10
2025,19,Liam Lawson,16,11
2025,19,Pierre Gasly,16,12
2025,19,Lance Stroll,16,13
2025,19,Franco Colapinto,16,14
2025,19,Esteban Ocon,16,15
2025,19,Isack Hadjar,16,16
2025,19,Andrea Kimi Antonelli,16,17
2025,19,Alexander Albon,16,18
2025,19,Gabriel Bortoleto,16,19
2025,19,Max Verstappen,17,1
2025,19,Charles Leclerc,17,2
2025,19,Lando Norris,17,3
2025,19,Lewis Hamilton,17,4
2025,19,Oscar Piastri,17,5
2025,19,George Russell,17,6
2025,19,Yuki Tsunoda,17,7
2025,19,Oliver Bearman,17,8
2025,19,Nico Hülkenberg,17,9
2025,19,Fernando Alonso,17,10
2025,19,Liam Lawson,17,11
2025,19,Pierre Gasly,17,12
2025,19,Lance Stroll,17,13
2025,19,Franco Colapinto,17,14
2025,19,Esteban Ocon,17,15
2025,19,Andrea Kimi Antonelli,17,16
2025,19,Isack Hadjar,17,17
2025,19,Alexander Albon,17,18
2025,19,Gabriel Bortoleto,17,19
2025,19,Max Verstappen,18,1
2025,19,Charles Leclerc,18,2
2025,19,Lando Norris,18,3
2025,19,Lewis Hamilton,18,4
2025,19,Oscar Piastri,18,5
2025,19,George Russell,18,6
2025,19,Yuki Tsunoda,18,7
2025,19,Oliver Bearman,18,8
2025,19,Nico Hülkenberg,18,9
2025,19,Fernando Alonso,18,10
2025,19,Liam Lawson,18,11
2025,19,Pierre Gasly,18,12
2025,19,Lance Stroll,18,13
2025,19,Franco Colapinto,18,14
2025,19,Esteban Ocon,18,15
2025,19,Andrea Kimi Antonelli,18,16
2025,19,Isack Hadjar,18,17
2025,19,Alexander Albon,18,18
2025,19,Gabriel Bortoleto,18,19
2025,19,Max Verstappen,19,1
2025,19,Charles Leclerc,19,2
2025,19,Lando Norris,19,3
2025,19,Lewis Hamilton,19,4
2025,19,Oscar Piastri,19,5
2025,19,George Russell,19,6
2025,19,Yuki Tsunoda,19,7
2025,19,Oliver Bearman,19,8
2025,19,Nico Hülkenberg,19,9
2025,19,Fernando Alonso,19,10
2025,19,Liam Lawson,19,11
2025,19,Pierre Gasly,19,12
2025,19,Lance Stroll,19,13
2025,19,Franco Colapinto,19,14
2025,19,Esteban Ocon,19,15
2025,19,Andrea Kimi Antonelli,19,16
2025,19,Isack Hadjar,19,17
2025,19,Alexander Albon,19,18
2025,19,Gabriel Bortoleto,19,19
2025,19,Max Verstappen,20,1
2025,19,Charles Leclerc,20,2
2025,19,Lando Norris,20,3
2025,19,Lewis Hamilton,20,4
2025,19,Oscar Piastri,20,5
2025,19,George Russell,20,6
2025,19,Yuki Tsunoda,20,7
2025,19,Oliver Bearman,20,8
2025,19,Nico Hülkenberg,20,9
2025,19,Fernando Alonso,20,10
2025,19,Liam Lawson,20,11
2025,19,Lance Stroll,20,12
2025,19,Pierre Gasly,20,13
2025,19,Franco Colapinto,20,14
2025,19,Andrea Kimi Antonelli,20,15
2025,19,Esteban Ocon,20,16
2025,19,Isack Hadjar,20,17
2025,19,Alexander Albon,20,18
2025,19,Gabriel Bortoleto,20,19
2025,19,Max Verstappen,21,1
2025,19,Lando Norris,21,2
2025,19,Charles Leclerc,21,3
2025,19,Lewis Hamilton,21,4
2025,19,Oscar Piastri,21,5
2025,19,George Russell,21,6
2025,19,Yuki Tsunoda,21,7
2025,19,Oliver Bearman,21,8
2025,19,Nico Hülkenberg,21,9
2025,19,Fernando Alonso,21,10
2025,19,Liam Lawson,21,11
2025,19,Lance Stroll,21,12
2025,19,Pierre Gasly,21,13
2025,19,Franco Colapinto,21,14
2025,19,Andrea Kimi Antonelli,21,15
2025,19,Esteban Ocon,21,16
2025,19,Isack Hadjar,21,17
2025,19,Alexander Albon,21,18
2025,19,Gabriel Bortoleto,21,19
2025,19,Max Verstappen,22,1
2025,19,Lando Norris,22,2
2025,19,Lewis Hamilton,22,3
2025,19,Charles Leclerc,22,4
2025,19,Oscar Piastri,22,5
2025,19,George Russell,22,6
2025,19,Yuki Tsunoda,22,7
2025,19,Oliver Bearman,22,8
2025,19,Nico Hülkenberg,22,9
2025,19,Fernando Alonso,22,10
2025,19,Liam Lawson,22,11
2025,19,Lance Stroll,22,12
2025,19,Pierre Gasly,22,13
2025,19,Franco Colapinto,22,14
2025,19,Andrea Kimi Antonelli,22,15
2025,19,Esteban Ocon,22,16
2025,19,Alexander Albon,22,17
2025,19,Isack Hadjar,22,18
2025,19,Gabriel Bortoleto,22,19
2025,19,Max Verstappen,23,1
2025,19,Lando Norris,23,2
2025,19,Lewis Hamilton,23,3
2025,19,Oscar Piastri,23,4
2025,19,George Russell,23,5
2025,19,Yuki Tsunoda,23,6
2025,19,Oliver Bearman,23,7
2025,19,Nico Hülkenberg,23,8
2025,19,Charles Leclerc,23,9
2025,19,Fernando Alonso,23,10
2025,19,Liam Lawson,23,11
2025,19,Lance Stroll,23,12
2025,19,Pierre Gasly,23,13
2025,19,Andrea Kimi Antonelli,23,14
2025,19,Franco Colapinto,23,15
2025,19,Esteban Ocon,23,16
2025,19,Alexander Albon,23,17
2025,19,Isack Hadjar,23,18
2025,19,Gabriel Bortoleto,23,19
2025,19,Max Verstappen,24,1
2025,19,Lando Norris,24,2
2025,19,Lewis Hamilton,24,3
2025,19,Oscar Piastri,24,4
2025,19,George Russell,24,5
2025,19,Yuki Tsunoda,24,6
2025,19,Oliver Bearman,24,7
2025,19,Nico Hülkenberg,24,8
2025,19,Charles Leclerc,24,9
2025,19,Fernando Alonso,24,10
2025,19,Liam Lawson,24,11
2025,19,Lance Stroll,24,12
2025,19,Pierre Gasly,24,13
2025,19,Andrea Kimi Antonelli,24,14
2025,19,Franco Colapinto,24,15
2025,19,Alexander Albon,24,16
2025,19,Esteban Ocon,24,17
2025,19,Isack Hadjar,24,18
2025,19,Gabriel Bortoleto,24,19
2025,19,Max Verstappen,25,1
2025,19,Lando Norris,25,2
2025,19,Lewis Hamilton,25,3
2025,19,Oscar Piastri,25,4
2025,19,George Russell,25,5
2025,19,Yuki Tsunoda,25,6
2025,19,Oliver Bearman,25,7
2025,19,Nico Hülkenberg,25,8
2025,19,Charles Leclerc,25,9
2025,19,Fernando Alonso,25,10
2025,19,Liam Lawson,25,11
2025,19,Lance Stroll,25,12
2025,19,Pierre Gasly,25,13
2025,19,Andrea Kimi Antonelli,25,14
2025,19,Franco Colapinto,25,15
2025,19,Alexander Albon,25,16
2025,19,Isack Hadjar,25,17
2025,19,Gabriel Bortoleto,25,18
2025,19,Esteban Ocon,25,19
2025,19,Max Verstappen,26,1
2025,19,Lando Norris,26,2
2025,19,Lewis Hamilton,26,3
2025,19,Oscar Piastri,26,4
2025,19,George Russell,26,5
2025,19,Yuki Tsunoda,26,6
2025,19,Oliver Bearman,26,7
2025,19,Charles Leclerc,26,8
2025,19,Nico Hülkenberg,26,9
2025,19,Fernando Alonso,26,10
2025,19,Liam Lawson,26,11
2025,19,Lance Stroll,26,12
2025,19,Pierre Gasly,26,13
2025,19,Andrea Kimi Antonelli,26,14
2025,19,Alexander Albon,26,15
2025,19,Franco Colapinto,26,16
2025,19,Isack Hadjar,26,17
2025,19,Gabriel Bortoleto,26,18
2025,19,Esteban Ocon,26,19
2025,19,Max Verstappen,27,1
2025,19,Lando Norris,27,2
2025,19,Lewis Hamilton,27,3
2025,19,Oscar Piastri,27,4
2025,19,George Russell,27,5
2025,19,Yuki Tsunoda,27,6
2025,19,Oliver Bearman,27,7
2025,19,Charles Leclerc,27,8
2025,19,Nico Hülkenberg,27,9
2025,19,Fernando Alonso,27,10
2025,19,Liam Lawson,27,11
2025,19,Lance Stroll,27,12
2025,19,Pierre Gasly,27,13
2025,19,Andrea Kimi Antonelli,27,14
2025,19,Alexander Albon,27,15
2025,19,Franco Colapinto,27,16
2025,19,Isack Hadjar,27,17
2025,19,Gabriel Bortoleto,27,18
2025,19,Esteban Ocon,27,19
2025,19,Max Verstappen,28,1
2025,19,Lando Norris,28,2
2025,19,Lewis Hamilton,28,3
2025,19,Oscar Piastri,28,4
2025,19,George Russell,28,5
2025,19,Yuki Tsunoda,28,6
2025,19,Charles Leclerc,28,7
2025,19,Oliver Bearman,28,8
2025,19,Nico Hülkenberg,28,9
2025,19,Fernando Alonso,28,10
2025,19,Liam Lawson,28,11
2025,19,Lance Stroll,28,12
2025,19,Andrea Kimi Antonelli,28,13
2025,19,Alexander Albon,28,14
2025,19,Franco Colapinto,28,15
2025,19,Isack Hadjar,28,16
2025,19,Gabriel Bortoleto,28,17
2025,19,Esteban Ocon,28,18
2025,19,Pierre Gasly,28,19
2025,19,Max Verstappen,29,1
2025,19,Lando Norris,29,2
2025,19,Lewis Hamilton,29,3
2025,19,Oscar Piastri,29,4
2025,19,George Russell,29,5
2025,19,Charles Leclerc,29,6
2025,19,Yuki Tsunoda,29,7
2025,19,Oliver Bearman,29,8
2025,19,Nico Hülkenberg,29,9
2025,19,Fernando Alonso,29,10
2025,19,Liam Lawson,29,11
2025,19,Andrea Kimi Antonelli,29,12
2025,19,Alexander Albon,29,13
2025,19,Franco Colapinto,29,14
2025,19,Gabriel Bortoleto,29,15
2025,19,Lance Stroll,29,16
2025,19,Esteban Ocon,29,17
2025,19,Pierre Gasly,29,18
2025,19,Isack Hadjar,29,19
2025,19,Max Verstappen,30,1
2025,19,Lando Norris,30,2
2025,19,Lewis Hamilton,30,3
2025,19,Oscar Piastri,30,4
2025,19,George Russell,30,5
2025,19,Charles Leclerc,30,6
2025,19,Oliver Bearman,30,7
2025,19,Nico Hülkenberg,30,8
2025,19,Fernando Alonso,30,9
2025,19,Liam Lawson,30,10
2025,19,Yuki Tsunoda,30,11
2025,19,Andrea Kimi Antonelli,30,12
2025,19,Alexander Albon,30,13
2025,19,Franco Colapinto,30,14
2025,19,Gabriel Bortoleto,30,15
2025,19,Lance Stroll,30,16
2025,19,Esteban Ocon,30,17
2025,19,Pierre Gasly,30,18
2025,19,Isack Hadjar,30,19
2025,19,Max Verstappen,31,1
2025,19,Lando Norris,31,2
2025,19,Lewis Hamilton,31,3
2025,19,George Russell,31,4
2025,19,Charles Leclerc,31,5
2025,19,Nico Hülkenberg,31,6
2025,19,Oscar Piastri,31,7
2025,19,Yuki Tsunoda,31,8
2025,19,Oliver Bearman,31,9
2025,19,Andrea Kimi Antonelli,31,10
2025,19,Alexander Albon,31,11
2025,19,Franco Colapinto,31,12
2025,19,Gabriel Bortoleto,31,13
2025,19,Fernando Alonso,31,14
2025,19,Liam Lawson,31,15
2025,19,Lance Stroll,31,16
2025,19,Esteban Ocon,31,17
2025,19,Pierre Gasly,31,18
2025,19,Isack Hadjar,31,19
2025,19,Max Verstappen,32,1
2025,19,Lando Norris,32,2
2025,19,George Russell,32,3
2025,19,Charles Leclerc,32,4
2025,19,Nico Hülkenberg,32,5
2025,19,Lewis Hamilton,32,6
2025,19,Oscar Piastri,32,7
2025,19,Yuki Tsunoda,32,8
2025,19,Oliver Bearman,32,9
2025,19,Alexander Albon,32,10
2025,19,Franco Colapinto,32,11
2025,19,Gabriel Bortoleto,32,12
2025,19,Fernando Alonso,32,13
2025,19,Liam Lawson,32,14
2025,19,Lance Stroll,32,15
2025,19,Esteban Ocon,32,16
2025,19,Pierre Gasly,32,17
2025,19,Andrea Kimi Antonelli,32,18
2025,19,Isack Hadjar,32,19
2025,19,Max Verstappen,33,1
2025,19,George Russell,33,2
2025,19,Charles Leclerc,33,3
2025,19,Lando Norris,33,4
2025,19,Nico Hülkenberg,33,5
2025,19,Lewis Hamilton,33,6
2025,19,Oscar Piastri,33,7
2025,19,Yuki Tsunoda,33,8
2025,19,Oliver Bearman,33,9
2025,19,Alexander Albon,33,10
2025,19,Fernando Alonso,33,11
2025,19,Liam Lawson,33,12
2025,19,Gabriel Bortoleto,33,13
2025,19,Lance Stroll,33,14
2025,19,Esteban Ocon,33,15
2025,19,Pierre Gasly,33,16
2025,19,Andrea Kimi Antonelli,33,17
2025,19,Isack Hadjar,33,18
2025,19,Franco Colapinto,33,19
2025,19,Max Verstappen,34,1
2025,19,Charles Leclerc,34,2
2025,19,Lando Norris,34,3
2025,19,Lewis Hamilton,34,4
2025,19,Oscar Piastri,34,5
2025,19,George Russell,34,6
2025,19,Yuki Tsunoda,34,7
2025,19,Oliver Bearman,34,8
2025,19,Nico Hülkenberg,34,9
2025,19,Alexander Albon,34,10
2025,19,Fernando Alonso,34,11
2025,19,Liam Lawson,34,12
2025,19,Lance Stroll,34,13
2025,19,Gabriel Bortoleto,34,14
2025,19,Esteban Ocon,34,15
2025,19,Pierre Gasly,34,16
2025,19,Andrea Kimi Antonelli,34,17
2025,19,Isack Hadjar,34,18
2025,19,Franco Colapinto,34,19
2025,19,Max Verstappen,35,1
2025,19,Charles Leclerc,35,2
2025,19,Lando Norris,35,3
2025,19,Lewis Hamilton,35,4
2025,19,Oscar Piastri,35,5
2025,19,George Russell,35,6
2025,19,Yuki Tsunoda,35,7
2025,19,Nico Hülkenberg,35,8
2025,19,Oliver Bearman,35,9
2025,19,Alexander Albon,35,10
2025,19,Fernando Alonso,35,11
2025,19,Liam Lawson,35,12
2025,19,Lance Stroll,35,13
2025,19,Esteban Ocon,35,14
2025,19,Gabriel Bortoleto,35,15
2025,19,Pierre Gasly,35,16
2025,19,Andrea Kimi Antonelli,35,17
2025,19,Isack Hadjar,35,18
2025,19,Franco Colapinto,35,19
2025,19,Max Verstappen,36,1
2025,19,Charles Leclerc,36,2
2025,19,Lando Norris,36,3
2025,19,Lewis Hamilton,36,4
2025,19,Oscar Piastri,36,5
2025,19,George Russell,36,6
2025,19,Yuki Tsunoda,36,7
2025,19,Nico Hülkenberg,36,8
2025,19,Oliver Bearman,36,9
2025,19,Alexander Albon,36,10
2025,19,Fernando Alonso,36,11
2025,19,Liam Lawson,36,12
2025,19,Lance Stroll,36,13
2025,19,Esteban Ocon,36,14
2025,19,Gabriel Bortoleto,36,15
2025,19,Pierre Gasly,36,16
2025,19,Andrea Kimi Antonelli,36,17
2025,19,Isack Hadjar,36,18
2025,19,Franco Colapinto,36,19
2025,19,Max Verstappen,37,1
2025,19,Charles Leclerc,37,2
2025,19,Lando Norris,37,3
2025,19,Lewis Hamilton,37,4
2025,19,Oscar Piastri,37,5
2025,19,George Russell,37,6
2025,19,Yuki Tsunoda,37,7
2025,19,Nico Hülkenberg,37,8
2025,19,Oliver Bearman,37,9
2025,19,Fernando Alonso,37,10
2025,19,Liam Lawson,37,11
2025,19,Lance Stroll,37,12
2025,19,Esteban Ocon,37,13
2025,19,Andrea Kimi Antonelli,37,14
2025,19,Pierre Gasly,37,15
2025,19,Isack Hadjar,37,16
2025,19,Alexander Albon,37,17
2025,19,Franco Colapinto,37,18
2025,19,Gabriel Bortoleto,37,19
2025,19,Max Verstappen,38,1
2025,19,Charles Leclerc,38,2
2025,19,Lando Norris,38,3
2025,19,Lewis Hamilton,38,4
2025,19,Oscar Piastri,38,5
2025,19,George Russell,38,6
2025,19,Yuki Tsunoda,38,7
2025,19,Nico Hülkenberg,38,8
2025,19,Oliver Bearman,38,9
2025,19,Fernando Alonso,38,10
2025,19,Liam Lawson,38,11
2025,19,Lance Stroll,38,12
2025,19,Esteban Ocon,38,13
2025,19,Andrea Kimi Antonelli,38,14
2025,19,Pierre Gasly,38,15
2025,19,Alexander Albon,38,16
2025,19,Isack Hadjar,38,17
2025,19,Franco Colapinto,38,18
2025,19,Gabriel Bortoleto,38,19
2025,19,Max Verstappen,39,1
2025,19,Charles Leclerc,39,2
2025,19,Lando Norris,39,3
2025,19,Lewis Hamilton,39,4
2025,19,Oscar Piastri,39,5
2025,19,George Russell,39,6
2025,19,Yuki Tsunoda,39,7
2025,19,Nico Hülkenberg,39,8
2025,19,Oliver Bearman,39,9
2025,19,Fernando Alonso,39,10
2025,19,Liam Lawson,39,11
2025,19,Lance Stroll,39,12
2025,19,Esteban Ocon,39,13
2025,19,Andrea Kimi Antonelli,39,14
2025,19,Pierre Gasly,39,15
2025,19,Alexander Albon,39,16
2025,19,Isack Hadjar,39,17
2025,19,Franco Colapinto,39,18
2025,19,Gabriel Bortoleto,39,19
2025,19,Max Verstappen,40,1
2025,19,Charles Leclerc,40,2
2025,19,Lando Norris,40,3
2025,19,Lewis Hamilton,40,4
2025,19,Oscar Piastri,40,5
2025,19,George Russell,40,6
2025,19,Yuki Tsunoda,40,7
2025,19,Nico Hülkenberg,40,8
2025,19,Oliver Bearman,40,9
2025,19,Fernando Alonso,40,10
2025,19,Liam Lawson,40,11
2025,19,Lance Stroll,40,12
2025,19,Esteban Ocon,40,13
2025,19,Andrea Kimi Antonelli,40,14
2025,19,Alexander Albon,40,15
2025,19,Pierre Gasly,40,16
2025,19,Isack Hadjar,40,17
2025,19,Franco Colapinto,40,18
2025,19,Gabriel Bortoleto,40,19
2025,19,Max Verstappen,41,1
2025,19,Charles Leclerc,41,2
2025,19,Lando Norris,41,3
2025,19,Lewis Hamilton,41,4
2025,19,Oscar Piastri,41,5
2025,19,George Russell,41,6
2025,19,Yuki Tsunoda,41,7
2025,19,Nico Hülkenberg,41,8
2025,19,Oliver Bearman,41,9
2025,19,Fernando Alonso,41,10
2025,19,Liam Lawson,41,11
2025,19,Lance Stroll,41,12
2025,19,Esteban Ocon,41,13
2025,19,Andrea Kimi Antonelli,41,14
2025,19,Alexander Albon,41,15
2025,19,Pierre Gasly,41,16
2025,19,Isack Hadjar,41,17
2025,19,Franco Colapinto,41,18
2025,19,Gabriel Bortoleto,41,19
2025,19,Max Verstappen,42,1
2025,19,Charles Leclerc,42,2
2025,19,Lando Norris,42,3
2025,19,Lewis Hamilton,42,4
2025,19,Oscar Piastri,42,5
2025,19,George Russell,42,6
2025,19,Yuki Tsunoda,42,7
2025,19,Nico Hülkenberg,42,8
2025,19,Oliver Bearman,42,9
2025,19,Fernando Alonso,42,10
2025,19,Liam Lawson,42,11
2025,19,Lance Stroll,42,12
2025,19,Esteban Ocon,42,13
2025,19,Andrea Kimi Antonelli,42,14
2025,19,Alexander Albon,42,15
2025,19,Pierre Gasly,42,16
2025,19,Isack Hadjar,42,17
2025,19,Franco Colapinto,42,18
2025,19,Gabriel Bortoleto,42,19
2025,19,Max Verstappen,43,1
2025,19,Charles Leclerc,43,2
2025,19,Lando Norris,43,3
2025,19,Lewis Hamilton,43,4
2025,19,Oscar Piastri,43,5
2025,19,George Russell,43,6
2025,19,Yuki Tsunoda,43,7
2025,19,Nico Hülkenberg,43,8
2025,19,Oliver Bearman,43,9
2025,19,Fernando Alonso,43,10
2025,19,Liam Lawson,43,11
2025,19,Lance Stroll,43,12
2025,19,Esteban Ocon,43,13
2025,19,Andrea Kimi Antonelli,43,14
2025,19,Alexander Albon,43,15
2025,19,Pierre Gasly,43,16
2025,19,Isack Hadjar,43,17
2025,19,Franco Colapinto,43,18
2025,19,Gabriel Bortoleto,43,19
2025,19,Max Verstappen,44,1
2025,19,Charles Leclerc,44,2
2025,19,Lando Norris,44,3
2025,19,Lewis Hamilton,44,4
2025,19,Oscar Piastri,44,5
2025,19,George Russell,44,6
2025,19,Yuki Tsunoda,44,7
2025,19,Nico Hülkenberg,44,8
2025,19,Oliver Bearman,44,9
2025,19,Fernando Alonso,44,10
2025,19,Liam Lawson,44,11
2025,19,Lance Stroll,44,12
2025,19,Esteban Ocon,44,13
2025,19,Andrea Kimi Antonelli,44,14
2025,19,Alexander Albon,44,15
2025,19,Pierre Gasly,44,16
2025,19,Isack Hadjar,44,17
2025,19,Franco Colapinto,44,18
2025,19,Gabriel Bortoleto,44,19
2025,19,Max Verstappen,45,1
2025,19,Charles Leclerc,45,2
2025,19,Lando Norris,45,3
2025,19,Lewis Hamilton,45,4
2025,19,Oscar Piastri,45,5
2025,19,George Russell,45,6
2025,19,Yuki Tsunoda,45,7
2025,19,Nico Hülkenberg,45,8
2025,19,Oliver Bearman,45,9
2025,19,Fernando Alonso,45,10
2025,19,Liam Lawson,45,11
2025,19,Lance Stroll,45,12
2025,19,Esteban Ocon,45,13
2025,19,Andrea Kimi Antonelli,45,14
2025,19,Alexander Albon,45,15
2025,19,Pierre Gasly,45,16
2025,19,Isack Hadjar,45,17
2025,19,Franco Colapinto,45,18
2025,19,Gabriel Bortoleto,45,19
2025,19,Max Verstappen,46,1
2025,19,Charles Leclerc,46,2
2025,19,Lando Norris,46,3
2025,19,Lewis Hamilton,46,4
2025,19,Oscar Piastri,46,5
2025,19,George Russell,46,6
2025,19,Yuki Tsunoda,46,7
2025,19,Nico Hülkenberg,46,8
2025,19,Oliver Bearman,46,9
2025,19,Fernando Alonso,46,10
2025,19,Liam Lawson,46,11
2025,19,Lance Stroll,46,12
2025,19,Esteban Ocon,46,13
2025,19,Andrea Kimi Antonelli,46,14
2025,19,Alexander Albon,46,15
2025,19,Pierre Gasly,46,16
2025,19,Isack Hadjar,46,17
2025,19,Franco Colapinto,46,18
2025,19,Gabriel Bortoleto,46,19
2025,19,Max Verstappen,47,1
2025,19,Charles Leclerc,47,2
2025,19,Lando Norris,47,3
2025,19,Lewis Hamilton,47,4
2025,19,Oscar Piastri,47,5
2025,19,George Russell,47,6
2025,19,Yuki Tsunoda,47,7
2025,19,Nico Hülkenberg,47,8
2025,19,Oliver Bearman,47,9
2025,19,Fernando Alonso,47,10
2025,19,Liam Lawson,47,11
2025,19,Lance Stroll,47,12
2025,19,Andrea Kimi Antonelli,47,13
2025,19,Esteban Ocon,47,14
2025,19,Alexander Albon,47,15
2025,19,Pierre Gasly,47,16
2025,19,Isack Hadjar,47,17
2025,19,Franco Colapinto,47,18
2025,19,Gabriel Bortoleto,47,19
2025,19,Max Verstappen,48,1
2025,19,Charles Leclerc,48,2
2025,19,Lando Norris,48,3
2025,19,Lewis Hamilton,48,4
2025,19,Oscar Piastri,48,5
2025,19,George Russell,48,6
2025,19,Yuki Tsunoda,48,7
2025,19,Nico Hülkenberg,48,8
2025,19,Oliver Bearman,48,9
2025,19,Fernando Alonso,48,10
2025,19,Liam Lawson,48,11
2025,19,Lance Stroll,48,12
2025,19,Andrea Kimi Antonelli,48,13
2025,19,Esteban Ocon,48,14
2025,19,Alexander Albon,48,15
2025,19,Pierre Gasly,48,16
2025,19,Isack Hadjar,48,17
2025,19,Franco Colapinto,48,18
2025,19,Gabriel Bortoleto,48,19
2025,19,Max Verstappen,49,1
2025,19,Charles Leclerc,49,2
2025,19,Lando Norris,49,3
2025,19,Lewis Hamilton,49,4
2025,19,Oscar Piastri,49,5
2025,19,George Russell,49,6
2025,19,Yuki Tsunoda,49,7
2025,19,Nico Hülkenberg,49,8
2025,19,Oliver Bearman,49,9
2025,19,Fernando Alonso,49,10
2025,19,Liam Lawson,49,11
2025,19,Lance Stroll,49,12
2025,19,Andrea Kimi Antonelli,49,13
2025,19,Esteban Ocon,49,14
2025,19,Alexander Albon,49,15
2025,19,Pierre Gasly,49,16
2025,19,Isack Hadjar,49,17
2025,19,Franco Colapinto,49,18
2025,19,Gabriel Bortoleto,49,19
2025,19,Max Verstappen,50,1
2025,19,Charles Leclerc,50,2
2025,19,Lando Norris,50,3
2025,19,Lewis Hamilton,50,4
2025,19,Oscar Piastri,50,5
2025,19,George Russell,50,6
2025,19,Yuki Tsunoda,50,7
2025,19,Nico Hülkenberg,50,8
2025,19,Oliver Bearman,50,9
2025,19,Fernando Alonso,50,10
2025,19,Liam Lawson,50,11
2025,19,Lance Stroll,50,12
2025,19,Andrea Kimi Antonelli,50,13
2025,19,Esteban Ocon,50,14
2025,19,Alexander Albon,50,15
2025,19,Pierre Gasly,50,16
2025,19,Isack Hadjar,50,17
2025,19,Franco Colapinto,50,18
2025,19,Gabriel Bortoleto,50,19
2025,19,Max Verstappen,51,1
2025,19,Lando Norris,51,2
2025,19,Charles Leclerc,51,3
2025,19,Lewis Hamilton,51,4
2025,19,Oscar Piastri,51,5
2025,19,George Russell,51,6
2025,19,Yuki Tsunoda,51,7
2025,19,Nico Hülkenberg,51,8
2025,19,Oliver Bearman,51,9
2025,19,Fernando Alonso,51,10
2025,19,Liam Lawson,51,11
2025,19,Lance Stroll,51,12
2025,19,Andrea Kimi Antonelli,51,13
2025,19,Esteban Ocon,51,14
2025,19,Alexander Albon,51,15
2025,19,Isack Hadjar,51,16
2025,19,Pierre Gasly,51,17
2025,19,Franco Colapinto,51,18
2025,19,Gabriel Bortoleto,51,19
2025,19,Max Verstappen,52,1
2025,19,Lando Norris,52,2
2025,19,Charles Leclerc,52,3
2025,19,Lewis Hamilton,52,4
2025,19,Oscar Piastri,52,5
2025,19,George Russell,52,6
2025,19,Yuki Tsunoda,52,7
2025,19,Nico Hülkenberg,52,8
2025,19,Oliver Bearman,52,9
2025,19,Fernando Alonso,52,10
2025,19,Liam Lawson,52,11
2025,19,Lance Stroll,52,12
2025,19,Andrea Kimi Antonelli,52,13
2025,19,Esteban Ocon,52,14
2025,19,Alexander Albon,52,15
2025,19,Isack Hadjar,52,16
2025,19,Pierre Gasly,52,17
2025,19,Franco Colapinto,52,18
2025,19,Gabriel Bortoleto,52,19
2025,19,Max Verstappen,53,1
2025,19,Lando Norris,53,2
2025,19,Charles Leclerc,53,3
2025,19,Lewis Hamilton,53,4
2025,19,Oscar Piastri,53,5
2025,19,George Russell,53,6
2025,19,Yuki Tsunoda,53,7
2025,19,Nico Hülkenberg,53,8
2025,19,Oliver Bearman,53,9
2025,19,Fernando Alonso,53,10
2025,19,Liam Lawson,53,11
2025,19,Lance Stroll,53,12
2025,19,Andrea Kimi Antonelli,53,13
2025,19,Esteban Ocon,53,14
2025,19,Alexander Albon,53,15
2025,19,Isack Hadjar,53,16
2025,19,Pierre Gasly,53,17
2025,19,Franco Colapinto,53,18
2025,19,Gabriel Bortoleto,53,19
2025,19,Max Verstappen,54,1
2025,19,Lando Norris,54,2
2025,19,Charles Leclerc,54,3
2025,19,Lewis Hamilton,54,4
2025,19,Oscar Piastri,54,5
2025,19,George Russell,54,6
2025,19,Yuki Tsunoda,54,7
2025,19,Nico Hülkenberg,54,8
2025,19,Oliver Bearman,54,9
2025,19,Fernando Alonso,54,10
2025,19,Liam Lawson,54,11
2025,19,Lance Stroll,54,12
2025,19,Andrea Kimi Antonelli,54,13
2025,19,Alexander Albon,54,14
2025,19,Esteban Ocon,54,15
2025,19,Isack Hadjar,54,16
2025,19,Franco Colapinto,54,17
2025,19,Pierre Gasly,54,18
2025,19,Gabriel Bortoleto,54,19
2025,19,Max Verstappen,55,1
2025,19,Lando Norris,55,2
2025,19,Charles Leclerc,55,3
2025,19,Lewis Hamilton,55,4
2025,19,Oscar Piastri,55,5
2025,19,George Russell,55,6
2025,19,Yuki Tsunoda,55,7
2025,19,Nico Hülkenberg,55,8
2025,19,Oliver Bearman,55,9
2025,19,Fernando Alonso,55,10
2025,19,Liam Lawson,55,11
2025,19,Lance Stroll,55,12
2025,19,Andrea Kimi Antonelli,55,13
2025,19,Alexander Albon,55,14
2025,19,Esteban Ocon,55,15
2025,19,Isack Hadjar,55,16
2025,19,Franco Colapinto,55,17
2025,19,Gabriel Bortoleto,55,18
2025,19,Pierre Gasly,55,19
2025,19,Max Verstappen,56,1
2025,19,Lando Norris,56,2
2025,19,Charles Leclerc,56,3
2025,19,Lewis Hamilton,56,4
2025,19,Oscar Piastri,56,5
2025,19,George Russell,56,6
2025,19,Yuki Tsunoda,56,7
2025,19,Nico Hülkenberg,56,8
2025,19,Oliver Bearman,56,9
2025,19,Fernando Alonso,56,10
2025,19,Liam Lawson,56,11
2025,19,Lance Stroll,56,12
2025,19,Andrea Kimi Antonelli,56,13
2025,19,Alexander Albon,56,14
2025,19,Esteban Ocon,56,15
2025,19,Isack Hadjar,56,16
2025,24,Max Verstappen,1,1
2025,24,Oscar Piastri,1,2
2025,24,Lando Norris,1,3
2025,24,Charles Leclerc,1,4
2025,24,Fernando Alonso,1,5
2025,24,George Russell,1,6
2025,24,Gabriel Bortoleto,1,7
2025,24,Isack Hadjar,1,8
2025,24,Esteban Ocon,1,9
2025,24,Yuki Tsunoda,1,10
2025,24,Liam Lawson,1,11
2025,24,Oliver Bearman,1,12
2025,24,Carlos Sainz,1,13
2025,24,Lewis Hamilton,1,14
2025,24,Alexander Albon,1,15
2025,24,Lance Stroll,1,16
2025,24,Andrea Kimi Antonelli,1,17
2025,24,Nico Hülkenberg,1,18
2025,24,Pierre Gasly,1,19
2025,24,Franco Colapinto,1,20
2025,24,Max Verstappen,2,1
2025,24,Oscar Piastri,2,2
2025,24,Lando Norris,2,3
2025,24,Charles Leclerc,2,4
2025,24,Fernando Alonso,2,5
2025,24,George Russell,2,6
2025,24,Gabriel Bortoleto,2,7
2025,24,Isack Hadjar,2,8
2025,24,Esteban Ocon,2,9
2025,24,Yuki Tsunoda,2,10
2025,24,Liam Lawson,2,11
2025,24,Oliver Bearman,2,12
2025,24,Lewis Hamilton,2,13
2025,24,Carlos Sainz,2,14
2025,24,Alexander Albon,2,15
2025,24,Lance Stroll,2,16
2025,24,Andrea Kimi Antonelli,2,17
2025,24,Nico Hülkenberg,2,18
2025,24,Pierre Gasly,2,19
2025,24,Franco Colapinto,2,20
2025,24,Max Verstappen,3,1
2025,24,Oscar Piastri,3,2
2025,24,Lando Norris,3,3
2025,24,Charles Leclerc,3,4
2025,24,Fernando Alonso,3,5
2025,24,George Russell,3,6
2025,24,Gabriel Bortoleto,3,7
2025,24,Isack Hadjar,3,8
2025,24,Esteban Ocon,3,9
2025,24,Yuki Tsunoda,3,10
2025,24,Liam Lawson,3,11
2025,24,Oliver Bearman,3,12
2025,24,Lewis Hamilton,3,13
2025,24,Carlos Sainz,3,14
2025,24,Alexander Albon,3,15
2025,24,Lance Stroll,3,16
2025,24,Andrea Kimi Antonelli,3,17
2025,24,Nico Hülkenberg,3,18
2025,24,Pierre Gasly,3,19
2025,24,Franco Colapinto,3,20
2025,24,Max Verstappen,4,1
2025,24,Oscar Piastri,4,2
2025,24,Lando Norris,4,3
2025,24,Charles Leclerc,4,4
2025,24,George Russell,4,5
2025,24,Fernando Alonso,4,6
2025,24,Gabriel Bortoleto,4,7
2025,24,Isack Hadjar,4,8
2025,24,Esteban Ocon,4,9
2025,24,Yuki Tsunoda,4,10
2025,24,Liam Lawson,4,11
2025,24,Oliver Bearman,4,12
2025,24,Lewis Hamilton,4,13
2025,24,Carlos Sainz,4,14
2025,24,Alexander Albon,4,15
2025,24,Lance Stroll,4,16
2025,24,Andrea Kimi Antonelli,4,17
2025,24,Nico Hülkenberg,4,18
2025,24,Pierre Gasly,4,19
2025,24,Franco Colapinto,4,20
2025,24,Max Verstappen,5,1
2025,24,Oscar Piastri,5,2
2025,24,Lando Norris,5,3
2025,24,Charles Leclerc,5,4
2025,24,George Russell,5,5
2025,24,Fernando Alonso,5,6
2025,24,Gabriel Bortoleto,5,7
2025,24,Isack Hadjar,5,8
2025,24,Esteban Ocon,5,9
2025,24,Yuki Tsunoda,5,10
2025,24,Liam Lawson,5,11
2025,24,Oliver Bearman,5,12
2025,24,Lewis Hamilton,5,13
2025,24,Carlos Sainz,5,14
2025,24,Alexander Albon,5,15
2025,24,Lance Stroll,5,16
2025,24,Andrea Kimi Antonelli,5,17
2025,24,Nico Hülkenberg,5,18
2025,24,Pierre Gasly,5,19
2025,24,Franco Colapinto,5,20
2025,24,Max Verstappen,6,1
2025,24,Oscar Piastri,6,2
2025,24,Lando Norris,6,3
2025,24,Charles Leclerc,6,4
2025,24,George Russell,6,5
2025,24,Fernando Alonso,6,6
2025,24,Gabriel Bortoleto,6,7
2025,24,Isack Hadjar,6,8
2025,24,Esteban Ocon,6,9
2025,24,Yuki Tsunoda,6,10
2025,24,Liam Lawson,6,11
2025,24,Oliver Bearman,6,12
2025,24,Lewis Hamilton,6,13
2025,24,Carlos Sainz,6,14
2025,24,Alexander Albon,6,15
2025,24,Lance Stroll,6,16
2025,24,Andrea Kimi Antonelli,6,17
2025,24,Nico Hülkenberg,6,18
2025,24,Pierre Gasly,6,19
2025,24,Franco Colapinto,6,20
2025,24,Max Verstappen,7,1
2025,24,Oscar Piastri,7,2
2025,24,Lando Norris,7,3
2025,24,Charles Leclerc,7,4
2025,24,George Russell,7,5
2025,24,Fernando Alonso,7,6
2025,24,Gabriel Bortoleto,7,7
2025,24,Isack Hadjar,7,8
2025,24,Esteban Ocon,7,9
2025,24,Yuki Tsunoda,7,10
2025,24,Liam Lawson,7,11
2025,24,Oliver Bearman,7,12
2025,24,Lewis Hamilton,7,13
2025,24,Carlos Sainz,7,14
2025,24,Alexander Albon,7,15
2025,24,Lance Stroll,7,16
2025,24,Andrea Kimi Antonelli,7,17
2025,24,Nico Hülkenberg,7,18
2025,24,Pierre Gasly,7,19
2025,24,Franco Colapinto,7,20
2025,24,Max Verstappen,8,1
2025,24,Oscar Piastri,8,2
2025,24,Lando Norris,8,3
2025,24,Charles Leclerc,8,4
2025,24,George Russell,8,5
2025,24,Fernando Alonso,8,6
2025,24,Gabriel Bortoleto,8,7
2025,24,Isack Hadjar,8,8
2025,24,Esteban Ocon,8,9
2025,24,Yuki Tsunoda,8,10
2025,24,Liam Lawson,8,11
2025,24,Oliver Bearman,8,12
2025,24,Carlos Sainz,8,13
2025,24,Lewis Hamilton,8,14
2025,24,Lance Stroll,8,15
2025,24,Andrea Kimi Antonelli,8,16
2025,24,Alexander Albon,8,17
2025,24,Pierre Gasly,8,18
2025,24,Franco Colapinto,8,19
2025,24,Nico Hülkenberg,8,20
2025,24,Max Verstappen,9,1
2025,24,Oscar Piastri,9,2
2025,24,Lando Norris,9,3
2025,24,Charles Leclerc,9,4
2025,24,George Russell,9,5
2025,24,Fernando Alonso,9,6
2025,24,Gabriel Bortoleto,9,7
2025,24,Isack Hadjar,9,8
2025,24,Esteban Ocon,9,9
2025,24,Yuki Tsunoda,9,10
2025,24,Liam Lawson,9,11
2025,24,Oliver Bearman,9,12
2025,24,Carlos Sainz,9,13
2025,24,Lance Stroll,9,14
2025,24,Andrea Kimi Antonelli,9,15
2025,24,Pierre Gasly,9,16
2025,24,Franco Colapinto,9,17
2025,24,Lewis Hamilton,9,18
2025,24,Nico Hülkenberg,9,19
2025,24,Alexander Albon,9,20
2025,24,Max Verstappen,10,1
2025,24,Oscar Piastri,10,2
2025,24,Lando Norris,10,3
2025,24,Charles Leclerc,10,4
2025,24,George Russell,10,5
2025,24,Fernando Alonso,10,6
2025,24,Gabriel Bortoleto,10,7
2025,24,Isack Hadjar,10,8
2025,24,Esteban Ocon,10,9
2025,24,Yuki Tsunoda,10,10
2025,24,Liam Lawson,10,11
2025,24,Oliver Bearman,10,12
2025,24,Carlos Sainz,10,13
2025,24,Lance Stroll,10,14
2025,24,Andrea Kimi Antonelli,10,15
2025,24,Pierre Gasly,10,16
2025,24,Franco Colapinto,10,17
2025,24,Lewis Hamilton,10,18
2025,24,Nico Hülkenberg,10,19
2025,24,Alexander Albon,10,20
2025,24,Max Verstappen,11,1
2025,24,Oscar Piastri,11,2
2025,24,Lando Norris,11,3
2025,24,Charles Leclerc,11,4
2025,24,George Russell,11,5
2025,24,Fernando Alonso,11,6
2025,24,Gabriel Bortoleto,11,7
2025,24,Isack Hadjar,11,8
2025,24,Esteban Ocon,11,9
2025,24,Yuki Tsunoda,11,10
2025,24,Liam Lawson,11,11
2025,24,Oliver Bearman,11,12
2025,24,Carlos Sainz,11,13
2025,24,Lance Stroll,11,14
2025,24,Andrea Kimi Antonelli,11,15
2025,24,Pierre Gasly,11,16
2025,24,Franco Colapinto,11,17
2025,24,Lewis Hamilton,11,18
2025,24,Nico Hülkenberg,11,19
2025,24,Alexander Albon,11,20
2025,24,Max Verstappen,12,1
2025,24,Oscar Piastri,12,2
2025,24,Lando Norris,12,3
2025,24,Charles Leclerc,12,4
2025,24,George Russell,12,5
2025,24,Fernando Alonso,12,6
2025,24,Gabriel Bortoleto,12,7
2025,24,Isack Hadjar,12,8
2025,24,Esteban Ocon,12,9
2025,24,Yuki Tsunoda,12,10
2025,24,Liam Lawson,12,11
2025,24,Oliver Bearman,12,12
2025,24,Carlos Sainz,12,13
2025,24,Lance Stroll,12,14
2025,24,Andrea Kimi Antonelli,12,15
2025,24,Pierre Gasly,12,16
2025,24,Franco Colapinto,12,17
2025,24,Lewis Hamilton,12,18
2025,24,Nico Hülkenberg,12,19
2025,24,Alexander Albon,12,20
2025,24,Max Verstappen,13,1
2025,24,Oscar Piastri,13,2
2025,24,Lando Norris,13,3
2025,24,Charles Leclerc,13,4
2025,24,George Russell,13,5
2025,24,Fernando Alonso,13,6
2025,24,Gabriel Bortoleto,13,7
2025,24,Isack Hadjar,13,8
2025,24,Esteban Ocon,13,9
2025,24,Yuki Tsunoda,13,10
2025,24,Liam Lawson,13,11
2025,24,Oliver Bearman,13,12
2025,24,Carlos Sainz,13,13
2025,24,Lance Stroll,13,14
2025,24,Andrea Kimi Antonelli,13,15
2025,24,Franco Colapinto,13,16
2025,24,Pierre Gasly,13,17
2025,24,Lewis Hamilton,13,18
2025,24,Nico Hülkenberg,13,19
2025,24,Alexander Albon,13,20
2025,24,Max Verstappen,14,1
2025,24,Oscar Piastri,14,2
2025,24,Lando Norris,14,3
2025,24,Charles Leclerc,14,4
2025,24,Fernando Alonso,14,5
2025,24,George Russell,14,6
2025,24,Gabriel Bortoleto,14,7
2025,24,Esteban Ocon,14,8
2025,24,Isack Hadjar,14,9
2025,24,Yuki Tsunoda,14,10
2025,24,Liam Lawson,14,11
2025,24,Carlos Sainz,14,12
2025,24,Lance Stroll,14,13
2025,24,Oliver Bearman,14,14
2025,24,Andrea Kimi Antonelli,14,15
2025,24,Franco Colapinto,14,16
2025,24,Lewis Hamilton,14,17
2025,24,Nico Hülkenberg,14,18
2025,24,Alexander Albon,14,19
2025,24,Pierre Gasly,14,20
2025,24,Max Verstappen,15,1
2025,24,Oscar Piastri,15,2
2025,24,Lando Norris,15,3
2025,24,Charles Leclerc,15,4
2025,24,Fernando Alonso,15,5
2025,24,Gabriel Bortoleto,15,6
2025,24,Esteban Ocon,15,7
2025,24,Yuki Tsunoda,15,8
2025,24,Liam Lawson,15,9
2025,24,Carlos Sainz,15,10
2025,24,Lance Stroll,15,11
2025,24,Andrea Kimi Antonelli,15,12
2025,24,George Russell,15,13
2025,24,Lewis Hamilton,15,14
2025,24,Franco Colapinto,15,15
2025,24,Nico Hülkenberg,15,16
2025,24,Alexander Albon,15,17
2025,24,Isack Hadjar,15,18
2025,24,Oliver Bearman,15,19
2025,24,Pierre Gasly,15,20
2025,24,Max Verstappen,16,1
2025,24,Oscar Piastri,16,2
2025,24,Lando Norris,16,3
2025,24,Charles Leclerc,16,4
2025,24,Fernando Alonso,16,5
2025,24,Esteban Ocon,16,6
2025,24,Yuki Tsunoda,16,7
2025,24,Liam Lawson,16,8
2025,24,Lance Stroll,16,9
2025,24,Carlos Sainz,16,10
2025,24,Andrea Kimi Antonelli,16,11
2025,24,George Russell,16,12
2025,24,Lewis Hamilton,16,13
2025,24,Nico Hülkenberg,16,14
2025,24,Gabriel Bortoleto,16,15
2025,24,Alexander Albon,16,16
2025,24,Isack Hadjar,16,17
2025,24,Oliver Bearman,16,18
2025,24,Pierre Gasly,16,19
2025,24,Franco Colapinto,16,20
2025,24,Max Verstappen,17,1
2025,24,Oscar Piastri,17,2
2025,24,Esteban Ocon,17,3
2025,24,Yuki Tsunoda,17,4
2025,24,Liam Lawson,17,5
2025,24,Lance Stroll,17,6
2025,24,Carlos Sainz,17,7
2025,24,Andrea Kimi Antonelli,17,8
2025,24,Lando Norris,17,9
2025,24,Charles Leclerc,17,10
2025,24,George Russell,17,11
2025,24,Lewis Hamilton,17,12
2025,24,Nico Hülkenberg,17,13
2025,24,Fernando Alonso,17,14
2025,24,Gabriel Bortoleto,17,15
2025,24,Alexander Albon,17,16
2025,24,Isack Hadjar,17,17
2025,24,Oliver Bearman,17,18
2025,24,Pierre Gasly,17,19
2025,24,Franco Colapinto,17,20
2025,24,Max Verstappen,18,1
2025,24,Oscar Piastri,18,2
2025,24,Esteban Ocon,18,3
2025,24,Yuki Tsunoda,18,4
2025,24,Liam Lawson,18,5
2025,24,Lance Stroll,18,6
2025,24,Lando Norris,18,7
2025,24,Andrea Kimi Antonelli,18,8
2025,24,Charles Leclerc,18,9
2025,24,Carlos Sainz,18,10
2025,24,George Russell,18,11
2025,24,Lewis Hamilton,18,12
2025,24,Nico Hülkenberg,18,13
2025,24,Fernando Alonso,18,14
2025,24,Gabriel Bortoleto,18,15
2025,24,Alexander Albon,18,16
2025,24,Isack Hadjar,18,17
2025,24,Oliver Bearman,18,18
2025,24,Pierre Gasly,18,19
2025,24,Franco Colapinto,18,20
2025,24,Max Verstappen,19,1
2025,24,Oscar Piastri,19,2
2025,24,Yuki Tsunoda,19,3
2025,24,Esteban Ocon,19,4
2025,24,Lando Norris,19,5
2025,24,Liam Lawson,19,6
2025,24,Lance Stroll,19,7
2025,24,Charles Leclerc,19,8
2025,24,Andrea Kimi Antonelli,19,9
2025,24,George Russell,19,10
2025,24,Lewis Hamilton,19,11
2025,24,Nico Hülkenberg,19,12
2025,24,Fernando Alonso,19,13
2025,24,Gabriel Bortoleto,19,14
2025,24,Alexander Albon,19,15
2025,24,Isack Hadjar,19,16
2025,24,Oliver Bearman,19,17
2025,24,Carlos Sainz,19,18
2025,24,Pierre Gasly,19,19
2025,24,Franco Colapinto,19,20
2025,24,Max Verstappen,20,1
2025,24,Oscar Piastri,20,2
2025,24,Yuki Tsunoda,20,3
2025,24,Lando Norris,20,4
2025,24,Charles Leclerc,20,5
2025,24,Liam Lawson,20,6
2025,24,Lance Stroll,20,7
2025,24,George Russell,20,8
2025,24,Andrea Kimi Antonelli,20,9
2025,24,Lewis Hamilton,20,10
2025,24,Nico Hülkenberg,20,11
2025,24,Fernando Alonso,20,12
2025,24,Gabriel Bortoleto,20,13
2025,24,Alexander Albon,20,14
2025,24,Isack Hadjar,20,15
2025,24,Oliver Bearman,20,16
2025,24,Esteban Ocon,20,17
2025,24,Carlos Sainz,20,18
2025,24,Pierre Gasly,20,19
2025,24,Franco Colapinto,20,20
2025,24,Max Verstappen,21,1
2025,24,Oscar Piastri,21,2
2025,24,Yuki Tsunoda,21,3
2025,24,Lando Norris,21,4
2025,24,Charles Leclerc,21,5
2025,24,George Russell,21,6
2025,24,Lance Stroll,21,7
2025,24,Andrea Kimi Antonelli,21,8
2025,24,Lewis Hamilton,21,9
2025,24,Nico Hülkenberg,21,10
2025,24,Fernando Alonso,21,11
2025,24,Liam Lawson,21,12
2025,24,Gabriel Bortoleto,21,13
2025,24,Alexander Albon,21,14
2025,24,Isack Hadjar,21,15
2025,24,Oliver Bearman,21,16
2025,24,Esteban Ocon,21,17
2025,24,Carlos Sainz,21,18
2025,24,Pierre Gasly,21,19
2025,24,Franco Colapinto,21,20
2025,24,Max Verstappen,22,1
2025,24,Oscar Piastri,22,2
2025,24,Yuki Tsunoda,22,3
2025,24,Lando Norris,22,4
2025,24,Charles Leclerc,22,5
2025,24,George Russell,22,6
2025,24,Lance Stroll,22,7
2025,24,Andrea Kimi Antonelli,22,8
2025,24,Lewis Hamilton,22,9
2025,24,Nico Hülkenberg,22,10
2025,24,Fernando Alonso,22,11
2025,24,Gabriel Bortoleto,22,12
2025,24,Alexander Albon,22,13
2025,24,Isack Hadjar,22,14
2025,24,Oliver Bearman,22,15
2025,24,Esteban Ocon,22,16
2025,24,Carlos Sainz,22,17
2025,24,Pierre Gasly,22,18
2025,24,Franco Colapinto,22,19
2025,24,Liam Lawson,22,20
2025,24,Max Verstappen,23,1
2025,24,Oscar Piastri,23,2
2025,24,Lando Norris,23,3
2025,24,Yuki Tsunoda,23,4
2025,24,Charles Leclerc,23,5
2025,24,George Russell,23,6
2025,24,Lance Stroll,23,7
2025,24,Andrea Kimi Antonelli,23,8
2025,24,Lewis Hamilton,23,9
2025,24,Fernando Alonso,23,10
2025,24,Nico Hülkenberg,23,11
2025,24,Gabriel Bortoleto,23,12
2025,24,Alexander Albon,23,13
2025,24,Isack Hadjar,23,14
2025,24,Esteban Ocon,23,15
2025,24,Oliver Bearman,23,16
2025,24,Carlos Sainz,23,17
2025,24,Pierre Gasly,23,18
2025,24,Franco Colapinto,23,19
2025,24,Liam Lawson,23,20
2025,24,Oscar Piastri,24,1
2025,24,Max Verstappen,24,2
2025,24,Lando Norris,24,3
2025,24,Charles Leclerc,24,4
2025,24,Yuki Tsunoda,24,5
2025,24,George Russell,24,6
2025,24,Lance Stroll,24,7
2025,24,Lewis Hamilton,24,8
2025,24,Andrea Kimi Antonelli,24,9
2025,24,Fernando Alonso,24,10
2025,24,Gabriel Bortoleto,24,11
2025,24,Nico Hülkenberg,24,12
2025,24,Alexander Albon,24,13
2025,24,Esteban Ocon,24,14
2025,24,Isack Hadjar,24,15
2025,24,Oliver Bearman,24,16
2025,24,Carlos Sainz,24,17
2025,24,Pierre Gasly,24,18
2025,24,Franco Colapinto,24,19
2025,24,Liam Lawson,24,20
2025,24,Oscar Piastri,25,1
2025,24,Max Verstappen,25,2
2025,24,Lando Norris,25,3
2025,24,Charles Leclerc,25,4
2025,24,Yuki Tsunoda,25,5
2025,24,George Russell,25,6
2025,24,Lance Stroll,25,7
2025,24,Lewis Hamilton,25,8
2025,24,Andrea Kimi Antonelli,25,9
2025,24,Fernando Alonso,25,10
2025,24,Gabriel Bortoleto,25,11
2025,24,Nico Hülkenberg,25,12
2025,24,Esteban Ocon,25,13
2025,24,Alexander Albon,25,14
2025,24,Oliver Bearman,25,15
2025,24,Isack Hadjar,25,16
2025,24,Carlos Sainz,25,17
2025,24,Pierre Gasly,25,18
2025,24,Franco Colapinto,25,19
2025,24,Liam Lawson,25,20
2025,24,Oscar Piastri,26,1
2025,24,Max Verstappen,26,2
2025,24,Lando Norris,26,3
2025,24,Charles Leclerc,26,4
2025,24,Yuki Tsunoda,26,5
2025,24,George Russell,26,6
2025,24,Lance Stroll,26,7
2025,24,Lewis Hamilton,26,8
2025,24,Andrea Kimi Antonelli,26,9
2025,24,Fernando Alonso,26,10
2025,24,Gabriel Bortoleto,26,11
2025,24,Nico Hülkenberg,26,12
2025,24,Esteban Ocon,26,13
2025,24,Alexander Albon,26,14
2025,24,Oliver Bearman,26,15
2025,24,Isack Hadjar,26,16
2025,24,Carlos Sainz,26,17
2025,24,Pierre Gasly,26,18
2025,24,Franco Colapinto,26,19
2025,24,Liam Lawson,26,20
2025,24,Oscar Piastri,27,1
2025,24,Max Verstappen,27,2
2025,24,Lando Norris,27,3
2025,24,Charles Leclerc,27,4
2025,24,Yuki Tsunoda,27,5
2025,24,George Russell,27,6
2025,24,Lance Stroll,27,7
2025,24,Lewis Hamilton,27,8
2025,24,Fernando Alonso,27,9
2025,24,Andrea Kimi Antonelli,27,10
2025,24,Gabriel Bortoleto,27,11
2025,24,Nico Hülkenberg,27,12
2025,24,Esteban Ocon,27,13
2025,24,Alexander Albon,27,14
2025,24,Oliver Bearman,27,15
2025,24,Isack Hadjar,27,16
2025,24,Carlos Sainz,27,17
2025,24,Pierre Gasly,27,18
2025,24,Franco Colapinto,27,19
2025,24,Liam Lawson,27,20
2025,24,Oscar Piastri,28,1
2025,24,Max Verstappen,28,2
2025,24,Lando Norris,28,3
2025,24,Charles Leclerc,28,4
2025,24,Yuki Tsunoda,28,5
2025,24,George Russell,28,6
2025,24,Lance Stroll,28,7
2025,24,Lewis Hamilton,28,8
2025,24,Fernando Alonso,28,9
2025,24,Andrea Kimi Antonelli,28,10
2025,24,Gabriel Bortoleto,28,11
2025,24,Nico Hülkenberg,28,12
2025,24,Esteban Ocon,28,13
2025,24,Oliver Bearman,28,14
2025,24,Alexander Albon,28,15
2025,24,Isack Hadjar,28,16
2025,24,Carlos Sainz,28,17
2025,24,Pierre Gasly,28,18
2025,24,Franco Colapinto,28,19
2025,24,Liam Lawson,28,20
2025,24,Oscar Piastri,29,1
2025,24,Max Verstappen,29,2
2025,24,Lando Norris,29,3
2025,24,Charles Leclerc,29,4
2025,24,George Russell,29,5
2025,24,Yuki Tsunoda,29,6
2025,24,Lance Stroll,29,7
2025,24,Lewis Hamilton,29,8
2025,24,Fernando Alonso,29,9
2025,24,Andrea Kimi Antonelli,29,10
2025,24,Gabriel Bortoleto,29,11
2025,24,Nico Hülkenberg,29,12
2025,24,Esteban Ocon,29,13
2025,24,Oliver Bearman,29,14
2025,24,Alexander Albon,29,15
2025,24,Isack Hadjar,29,16
2025,24,Carlos Sainz,29,17
2025,24,Pierre Gasly,29,18
2025,24,Franco Colapinto,29,19
2025,24,Liam Lawson,29,20
2025,24,Oscar Piastri,30,1
2025,24,Max Verstappen,30,2
2025,24,Lando Norris,30,3
2025,24,Charles Leclerc,30,4
2025,24,George Russell,30,5
2025,24,Yuki Tsunoda,30,6
2025,24,Lance Stroll,30,7
2025,24,Lewis Hamilton,30,8
2025,24,Fernando Alonso,30,9
2025,24,Gabriel Bortoleto,30,10
2025,24,Andrea Kimi Antonelli,30,11
2025,24,Nico Hülkenberg,30,12
2025,24,Esteban Ocon,30,13
2025,24,Oliver Bearman,30,14
2025,24,Alexander Albon,30,15
2025,24,Isack Hadjar,30,16
2025,24,Carlos Sainz,30,17
2025,24,Pierre Gasly,30,18
2025,24,Franco Colapinto,30,19
2025,24,Liam Lawson,30,20
2025,24,Oscar Piastri,31,1
2025,24,Max Verstappen,31,2
2025,24,Lando Norris,31,3
2025,24,Charles Leclerc,31,4
2025,24,George Russell,31,5
2025,24,Yuki Tsunoda,31,6
2025,24,Lance Stroll,31,7
2025,24,Lewis Hamilton,31,8
2025,24,Fernando Alonso,31,9
2025,24,Gabriel Bortoleto,31,10
2025,24,Andrea Kimi Antonelli,31,11
2025,24,Esteban Ocon,31,12
2025,24,Nico Hülkenberg,31,13
2025,24,Oliver Bearman,31,14
2025,24,Alexander Albon,31,15
2025,24,Isack Hadjar,31,16
2025,24,Carlos Sainz,31,17
2025,24,Pierre Gasly,31,18
2025,24,Franco Colapinto,31,19
2025,24,Liam Lawson,31,20
2025,24,Oscar Piastri,32,1
2025,24,Max Verstappen,32,2
2025,24,Lando Norris,32,3
2025,24,Charles Leclerc,32,4
2025,24,George Russell,32,5
2025,24,Yuki Tsunoda,32,6
2025,24,Lance Stroll,32,7
2025,24,Fernando Alonso,32,8
2025,24,Gabriel Bortoleto,32,9
2025,24,Esteban Ocon,32,10
2025,24,Nico Hülkenberg,32,11
2025,24,Oliver Bearman,32,12
2025,24,Andrea Kimi Antonelli,32,13
2025,24,Alexander Albon,32,14
2025,24,Carlos Sainz,32,15
2025,24,Isack Hadjar,32,16
2025,24,Pierre Gasly,32,17
2025,24,Franco Colapinto,32,18
2025,24,Lewis Hamilton,32,19
2025,24,Liam Lawson,32,20
2025,24,Oscar Piastri,33,1
2025,24,Max Verstappen,33,2
2025,24,Lando Norris,33,3
2025,24,Charles Leclerc,33,4
2025,24,George Russell,33,5
2025,24,Lance Stroll,33,6
2025,24,Fernando Alonso,33,7
2025,24,Gabriel Bortoleto,33,8
2025,24,Esteban Ocon,33,9
2025,24,Oliver Bearman,33,10
2025,24,Nico Hülkenberg,33,11
2025,24,Carlos Sainz,33,12
2025,24,Alexander Albon,33,13
2025,24,Isack Hadjar,33,14
2025,24,Pierre Gasly,33,15
2025,24,Franco Colapinto,33,16
2025,24,Lewis Hamilton,33,17
2025,24,Yuki Tsunoda,33,18
2025,24,Liam Lawson,33,19
2025,24,Andrea Kimi Antonelli,33,20
2025,24,Oscar Piastri,34,1
2025,24,Max Verstappen,34,2
2025,24,Lando Norris,34,3
2025,24,Charles Leclerc,34,4
2025,24,George Russell,34,5
2025,24,Lance Stroll,34,6
2025,24,Fernando Alonso,34,7
2025,24,Gabriel Bortoleto,34,8
2025,24,Esteban Ocon,34,9
2025,24,Oliver Bearman,34,10
2025,24,Nico Hülkenberg,34,11
2025,24,Carlos Sainz,34,12
2025,24,Isack Hadjar,34,13
2025,24,Pierre Gasly,34,14
2025,24,Franco Colapinto,34,15
2025,24,Lewis Hamilton,34,16
2025,24,Yuki Tsunoda,34,17
2025,24,Liam Lawson,34,18
2025,24,Andrea Kimi Antonelli,34,19
2025,24,Alexander Albon,34,20
2025,24,Oscar Piastri,35,1
2025,24,Max Verstappen,35,2
2025,24,Lando Norris,35,3
2025,24,Charles Leclerc,35,4
2025,24,George Russell,35,5
2025,24,Lance Stroll,35,6
2025,24,Fernando Alonso,35,7
2025,24,Gabriel Bortoleto,35,8
2025,24,Esteban Ocon,35,9
2025,24,Oliver Bearman,35,10
2025,24,Nico Hülkenberg,35,11
2025,24,Carlos Sainz,35,12
2025,24,Isack Hadjar,35,13
2025,24,Pierre Gasly,35,14
2025,24,Lewis Hamilton,35,15
2025,24,Franco Colapinto,35,16
2025,24,Yuki Tsunoda,35,17
2025,24,Liam Lawson,35,18
2025,24,Andrea Kimi Antonelli,35,19
2025,24,Alexander Albon,35,20
2025,24,Oscar Piastri,36,1
2025,24,Max Verstappen,36,2
2025,24,Lando Norris,36,3
2025,24,Charles Leclerc,36,4
2025,24,George Russell,36,5
2025,24,Lance Stroll,36,6
2025,24,Fernando Alonso,36,7
2025,24,Gabriel Bortoleto,36,8
2025,24,Esteban Ocon,36,9
2025,24,Oliver Bearman,36,10
2025,24,Nico Hülkenberg,36,11
2025,24,Carlos Sainz,36,12
2025,24,Isack Hadjar,36,13
2025,24,Lewis Hamilton,36,14
2025,24,Pierre Gasly,36,15
2025,24,Franco Colapinto,36,16
2025,24,Yuki Tsunoda,36,17
2025,24,Liam Lawson,36,18
2025,24,Andrea Kimi Antonelli,36,19
2025,24,Alexander Albon,36,20
2025,24,Oscar Piastri,37,1
2025,24,Max Verstappen,37,2
2025,24,Lando Norris,37,3
2025,24,Charles Leclerc,37,4
2025,24,George Russell,37,5
2025,24,Lance Stroll,37,6
2025,24,Fernando Alonso,37,7
2025,24,Gabriel Bortoleto,37,8
2025,24,Esteban Ocon,37,9
2025,24,Oliver Bearman,37,10
2025,24,Nico Hülkenberg,37,11
2025,24,Carlos Sainz,37,12
2025,24,Isack Hadjar,37,13
2025,24,Lewis Hamilton,37,14
2025,24,Pierre Gasly,37,15
2025,24,Yuki Tsunoda,37,16
2025,24,Franco Colapinto,37,17
2025,24,Liam Lawson,37,18
2025,24,Andrea Kimi Antonelli,37,19
2025,24,Alexander Albon,37,20
2025,24,Oscar Piastri,38,1
2025,24,Max Verstappen,38,2
2025,24,Lando Norris,38,3
2025,24,Charles Leclerc,38,4
2025,24,George Russell,38,5
2025,24,Lance Stroll,38,6
2025,24,Fernando Alonso,38,7
2025,24,Esteban Ocon,38,8
2025,24,Gabriel Bortoleto,38,9
2025,24,Oliver Bearman,38,10
2025,24,Nico Hülkenberg,38,11
2025,24,Carlos Sainz,38,12
2025,24,Lewis Hamilton,38,13
2025,24,Isack Hadjar,38,14
2025,24,Pierre Gasly,38,15
2025,24,Yuki Tsunoda,38,16
2025,24,Franco Colapinto,38,17
2025,24,Liam Lawson,38,18
2025,24,Andrea Kimi Antonelli,38,19
2025,24,Alexander Albon,38,20
2025,24,Oscar Piastri,39,1
2025,24,Max Verstappen,39,2
2025,24,Lando Norris,39,3
2025,24,Charles Leclerc,39,4
2025,24,George Russell,39,5
2025,24,Lance Stroll,39,6
2025,24,Fernando Alonso,39,7
2025,24,Esteban Ocon,39,8
2025,24,Gabriel Bortoleto,39,9
2025,24,Oliver Bearman,39,10
2025,24,Nico Hülkenberg,39,11
2025,24,Carlos Sainz,39,12
2025,24,Lewis Hamilton,39,13
2025,24,Isack Hadjar,39,14
2025,24,Yuki Tsunoda,39,15
2025,24,Pierre Gasly,39,16
2025,24,Liam Lawson,39,17
2025,24,Andrea Kimi Antonelli,39,18
2025,24,Franco Colapinto,39,19
2025,24,Alexander Albon,39,20
2025,24,Oscar Piastri,40,1
2025,24,Max Verstappen,40,2
2025,24,Lando Norris,40,3
2025,24,George Russell,40,4
2025,24,Charles Leclerc,40,5
2025,24,Lance Stroll,40,6
2025,24,Fernando Alonso,40,7
2025,24,Esteban Ocon,40,8
2025,24,Gabriel Bortoleto,40,9
2025,24,Oliver Bearman,40,10
2025,24,Nico Hülkenberg,40,11
2025,24,Carlos Sainz,40,12
2025,24,Lewis Hamilton,40,13
2025,24,Isack Hadjar,40,14
2025,24,Yuki Tsunoda,40,15
2025,24,Pierre Gasly,40,16
2025,24,Liam Lawson,40,17
2025,24,Andrea Kimi Antonelli,40,18
2025,24,Alexander Albon,40,19
2025,24,Franco Colapinto,40,20
2025,24,Max Verstappen,41,1
2025,24,Oscar Piastri,41,2
2025,24,Lando Norris,41,3
2025,24,George Russell,41,4
2025,24,Charles Leclerc,41,5
2025,24,Lance Stroll,41,6
2025,24,Fernando Alonso,41,7
2025,24,Esteban Ocon,41,8
2025,24,Oliver Bearman,41,9
2025,24,Gabriel Bortoleto,41,10
2025,24,Nico Hülkenberg,41,11
2025,24,Lewis Hamilton,41,12
2025,24,Carlos Sainz,41,13
2025,24,Isack Hadjar,41,14
2025,24,Yuki Tsunoda,41,15
2025,24,Andrea Kimi Antonelli,41,16
2025,24,Liam Lawson,41,17
2025,24,Alexander Albon,41,18
2025,24,Pierre Gasly,41,19
2025,24,Franco Colapinto,41,20
2025,24,Max Verstappen,42,1
2025,24,Oscar Piastri,42,2
2025,24,Lando Norris,42,3
2025,24,Charles Leclerc,42,4
2025,24,George Russell,42,5
2025,24,Lance Stroll,42,6
2025,24,Fernando Alonso,42,7
2025,24,Esteban Ocon,42,8
2025,24,Oliver Bearman,42,9
2025,24,Gabriel Bortoleto,42,10
2025,24,Lewis Hamilton,42,11
2025,24,Carlos Sainz,42,12
2025,24,Nico Hülkenberg,42,13
2025,24,Isack Hadjar,42,14
2025,24,Yuki Tsunoda,42,15
2025,24,Andrea Kimi Antonelli,42,16
2025,24,Liam Lawson,42,17
2025,24,Alexander Albon,42,18
2025,24,Pierre Gasly,42,19
2025,24,Franco Colapinto,42,20
2025,24,Max Verstappen,43,1
2025,24,Oscar Piastri,43,2
2025,24,Lando Norris,43,3
2025,24,Charles Leclerc,43,4
2025,24,George Russell,43,5
2025,24,Fernando Alonso,43,6
2025,24,Esteban Ocon,43,7
2025,24,Oliver Bearman,43,8
2025,24,Lewis Hamilton,43,9
2025,24,Gabriel Bortoleto,43,10
2025,24,Carlos Sainz,43,11
2025,24,Isack Hadjar,43,12
2025,24,Yuki Tsunoda,43,13
2025,24,Andrea Kimi Antonelli,43,14
2025,24,Alexander Albon,43,15
2025,24,Liam Lawson,43,16
2025,24,Lance Stroll,43,17
2025,24,Nico Hülkenberg,43,18
2025,24,Pierre Gasly,43,19
2025,24,Franco Colapinto,43,20
2025,24,Max Verstappen,44,1
2025,24,Oscar Piastri,44,2
2025,24,Lando Norris,44,3
2025,24,Charles Leclerc,44,4
2025,24,George Russell,44,5
2025,24,Fernando Alonso,44,6
2025,24,Esteban Ocon,44,7
2025,24,Oliver Bearman,44,8
2025,24,Lewis Hamilton,44,9
2025,24,Gabriel Bortoleto,44,10
2025,24,Carlos Sainz,44,11
2025,24,Yuki Tsunoda,44,12
2025,24,Isack Hadjar,44,13
2025,24,Andrea Kimi Antonelli,44,14
2025,24,Alexander Albon,44,15
2025,24,Lance Stroll,44,16
2025,24,Liam Lawson,44,17
2025,24,Nico Hülkenberg,44,18
2025,24,Pierre Gasly,44,19
2025,24,Franco Colapinto,44,20
2025,24,Max Verstappen,45,1
2025,24,Oscar Piastri,45,2
2025,24,Lando Norris,45,3
2025,24,Charles Leclerc,45,4
2025,24,George Russell,45,5
2025,24,Fernando Alonso,45,6
2025,24,Esteban Ocon,45,7
2025,24,Lewis Hamilton,45,8
2025,24,Oliver Bearman,45,9
2025,24,Gabriel Bortoleto,45,10
2025,24,Carlos Sainz,45,11
2025,24,Yuki Tsunoda,45,12
2025,24,Isack Hadjar,45,13
2025,24,Andrea Kimi Antonelli,45,14
2025,24,Alexander Albon,45,15
2025,24,Lance Stroll,45,16
2025,24,Liam Lawson,45,17
2025,24,Nico Hülkenberg,45,18
2025,24,Pierre Gasly,45,19
2025,24,Franco Colapinto,45,20
2025,24,Max Verstappen,46,1
2025,24,Oscar Piastri,46,2
2025,24,Lando Norris,46,3
2025,24,Charles Leclerc,46,4
2025,24,George Russell,46,5
2025,24,Fernando Alonso,46,6
2025,24,Esteban Ocon,46,7
2025,24,Lewis Hamilton,46,8
2025,24,Oliver Bearman,46,9
2025,24,Gabriel Bortoleto,46,10
2025,24,Carlos Sainz,46,11
2025,24,Yuki Tsunoda,46,12
2025,24,Isack Hadjar,46,13
2025,24,Andrea Kimi Antonelli,46,14
2025,24,Alexander Albon,46,15
2025,24,Lance Stroll,46,16
2025,24,Nico Hülkenberg,46,17
2025,24,Liam Lawson,46,18
2025,24,Pierre Gasly,46,19
2025,24,Franco Colapinto,46,20
2025,24,Max Verstappen,47,1
2025,24,Oscar Piastri,47,2
2025,24,Lando Norris,47,3
2025,24,Charles Leclerc,47,4
2025,24,George Russell,47,5
2025,24,Fernando Alonso,47,6
2025,24,Esteban Ocon,47,7
2025,24,Lewis Hamilton,47,8
2025,24,Oliver Bearman,47,9
2025,24,Gabriel Bortoleto,47,10
2025,24,Carlos Sainz,47,11
2025,24,Yuki Tsunoda,47,12
2025,24,Andrea Kimi Antonelli,47,13
2025,24,Isack Hadjar,47,14
2025,24,Lance Stroll,47,15
2025,24,Alexander Albon,47,16
2025,24,Nico Hülkenberg,47,17
2025,24,Liam Lawson,47,18
2025,24,Pierre Gasly,47,19
2025,24,Franco Colapinto,47,20
2025,24,Max Verstappen,48,1
2025,24,Oscar Piastri,48,2
2025,24,Lando Norris,48,3
2025,24,Charles Leclerc,48,4
2025,24,George Russell,48,5
2025,24,Fernando Alonso,48,6
2025,24,Esteban Ocon,48,7
2025,24,Lewis Hamilton,48,8
2025,24,Oliver Bearman,48,9
2025,24,Gabriel Bortoleto,48,10
2025,24,Carlos Sainz,48,11
2025,24,Yuki Tsunoda,48,12
2025,24,Andrea Kimi Antonelli,48,13
2025,24,Isack Hadjar,48,14
2025,24,Lance Stroll,48,15
2025,24,Alexander Albon,48,16
2025,24,Nico Hülkenberg,48,17
2025,24,Liam Lawson,48,18
2025,24,Pierre Gasly,48,19
2025,24,Franco Colapinto,48,20
2025,24,Max Verstappen,49,1
2025,24,Oscar Piastri,49,2
2025,24,Lando Norris,49,3
2025,24,Charles Leclerc,49,4
2025,24,George Russell,49,5
2025,24,Fernando Alonso,49,6
2025,24,Esteban Ocon,49,7
2025,24,Lewis Hamilton,49,8
2025,24,Oliver Bearman,49,9
2025,24,Gabriel Bortoleto,49,10
2025,24,Carlos Sainz,49,11
2025,24,Yuki Tsunoda,49,12
2025,24,Andrea Kimi Antonelli,49,13
2025,24,Lance Stroll,49,14
2025,24,Isack Hadjar,49,15
2025,24,Alexander Albon,49,16
2025,24,Nico Hülkenberg,49,17
2025,24,Liam Lawson,49,18
2025,24,Pierre Gasly,49,19
2025,24,Franco Colapinto,49,20
2025,24,Max Verstappen,50,1
2025,24,Oscar Piastri,50,2
2025,24,Lando Norris,50,3
2025,24,Charles Leclerc,50,4
2025,24,George Russell,50,5
2025,24,Fernando Alonso,50,6
2025,24,Esteban Ocon,50,7
2025,24,Lewis Hamilton,50,8
2025,24,Oliver Bearman,50,9
2025,24,Gabriel Bortoleto,50,10
2025,24,Carlos Sainz,50,11
2025,24,Yuki Tsunoda,50,12
2025,24,Andrea Kimi Antonelli,50,13
2025,24,Lance Stroll,50,14
2025,24,Isack Hadjar,50,15
2025,24,Nico Hülkenberg,50,16
2025,24,Alexander Albon,50,17
2025,24,Liam Lawson,50,18
2025,24,Pierre Gasly,50,19
2025,24,Franco Colapinto,50,20
2025,24,Max Verstappen,51,1
2025,24,Oscar Piastri,51,2
2025,24,Lando Norris,51,3
2025,24,Charles Leclerc,51,4
2025,24,George Russell,51,5
2025,24,Fernando Alonso,51,6
2025,24,Esteban Ocon,51,7
2025,24,Lewis Hamilton,51,8
2025,24,Oliver Bearman,51,9
2025,24,Gabriel Bortoleto,51,10
2025,24,Carlos Sainz,51,11
2025,24,Yuki Tsunoda,51,12
2025,24,Lance Stroll,51,13
2025,24,Andrea Kimi Antonelli,51,14
2025,24,Nico Hülkenberg,51,15
2025,24,Isack Hadjar,51,16
2025,24,Alexander Albon,51,17
2025,24,Liam Lawson,51,18
2025,24,Pierre Gasly,51,19
2025,24,Franco Colapinto,51,20
2025,24,Max Verstappen,52,1
2025,24,Oscar Piastri,52,2
2025,24,Lando Norris,52,3
2025,24,Charles Leclerc,52,4
2025,24,George Russell,52,5
2025,24,Fernando Alonso,52,6
2025,24,Esteban Ocon,52,7
2025,24,Lewis Hamilton,52,8
2025,24,Oliver Bearman,52,9
2025,24,Gabriel Bortoleto,52,10
2025,24,Carlos Sainz,52,11
2025,24,Lance Stroll,52,12
2025,24,Yuki Tsunoda,52,13
2025,24,Andrea Kimi Antonelli,52,14
2025,24,Nico Hülkenberg,52,15
2025,24,Isack Hadjar,52,16
2025,24,Alexander Albon,52,17
2025,24,Liam Lawson,52,18
2025,24,Pierre Gasly,52,19
2025,24,Franco Colapinto,52,20
2025,24,Max Verstappen,53,1
2025,24,Oscar Piastri,53,2
2025,24,Lando Norris,53,3
2025,24,Charles Leclerc,53,4
2025,24,George Russell,53,5
2025,24,Fernando Alonso,53,6
2025,24,Esteban Ocon,53,7
2025,24,Lewis Hamilton,53,8
2025,24,Oliver Bearman,53,9
2025,24,Gabriel Bortoleto,53,10
2025,24,Carlos Sainz,53,11
2025,24,Lance Stroll,53,12
2025,24,Yuki Tsunoda,53,13
2025,24,Andrea Kimi Antonelli,53,14
2025,24,Nico Hülkenberg,53,15
2025,24,Alexander Albon,53,16
2025,24,Isack Hadjar,53,17
2025,24,Liam Lawson,53,18
2025,24,Pierre Gasly,53,19
2025,24,Franco Colapinto,53,20
2025,24,Max Verstappen,54,1
2025,24,Oscar Piastri,54,2
2025,24,Lando Norris,54,3
2025,24,Charles Leclerc,54,4
2025,24,George Russell,54,5
2025,24,Fernando Alonso,54,6
2025,24,Esteban Ocon,54,7
2025,24,Lewis Hamilton,54,8
2025,24,Oliver Bearman,54,9
2025,24,Gabriel Bortoleto,54,10
2025,24,Lance Stroll,54,11
2025,24,Carlos Sainz,54,12
2025,24,Yuki Tsunoda,54,13
2025,24,Nico Hülkenberg,54,14
2025,24,Andrea Kimi Antonelli,54,15
2025,24,Alexander Albon,54,16
2025,24,Isack Hadjar,54,17
2025,24,Liam Lawson,54,18
2025,24,Pierre Gasly,54,19
2025,24,Franco Colapinto,54,20
2025,24,Max Verstappen,55,1
2025,24,Oscar Piastri,55,2
2025,24,Lando Norris,55,3
2025,24,Charles Leclerc,55,4
2025,24,George Russell,55,5
2025,24,Fernando Alonso,55,6
2025,24,Esteban Ocon,55,7
2025,24,Lewis Hamilton,55,8
2025,24,Oliver Bearman,55,9
2025,24,Lance Stroll,55,10
2025,24,Gabriel Bortoleto,55,11
2025,24,Carlos Sainz,55,12
2025,24,Nico Hülkenberg,55,13
2025,24,Yuki Tsunoda,55,14
2025,24,Andrea Kimi Antonelli,55,15
2025,24,Alexander Albon,55,16
2025,24,Isack Hadjar,55,17
2025,24,Liam Lawson,55,18
2025,24,Pierre Gasly,55,19
2025,24,Franco Colapinto,55,20
2025,24,Max Verstappen,56,1
2025,24,Oscar Piastri,56,2
2025,24,Lando Norris,56,3
2025,24,Charles Leclerc,56,4
2025,24,George Russell,56,5
2025,24,Fernando Alonso,56,6
2025,24,Esteban Ocon,56,7
2025,24,Lewis Hamilton,56,8
2025,24,Oliver Bearman,56,9
2025,24,Lance Stroll,56,10
2025,24,Gabriel Bortoleto,56,11
2025,24,Carlos Sainz,56,12
2025,24,Nico Hülkenberg,56,13
2025,24,Yuki Tsunoda,56,14
2025,24,Andrea Kimi Antonelli,56,15
2025,24,Alexander Albon,56,16
2025,24,Isack Hadjar,56,17
2025,24,Liam Lawson,56,18
2025,24,Pierre Gasly,56,19
2025,24,Franco Colapinto,56,20
2025,24,Max Verstappen,57,1
2025,24,Oscar Piastri,57,2
2025,24,Lando Norris,57,3
2025,24,Charles Leclerc,57,4
2025,24,George Russell,57,5
2025,24,Fernando Alonso,57,6
2025,24,Esteban Ocon,57,7
2025,24,Lewis Hamilton,57,8
2025,24,Oliver Bearman,57,9
2025,24,Lance Stroll,57,10
2025,24,Gabriel Bortoleto,57,11
2025,24,Nico Hülkenberg,57,12
2025,24,Carlos Sainz,57,13
2025,24,Yuki Tsunoda,57,14
2025,24,Andrea Kimi Antonelli,57,15
2025,24,Alexander Albon,57,16
2025,24,Isack Hadjar,57,17
2025,24,Liam Lawson,57,18
2025,24,Pierre Gasly,57,19
2025,24,Franco Colapinto,57,20
2025,24,Max Verstappen,58,1
2025,24,Oscar Piastri,58,2
2025,24,Lando Norris,58,3
2025,24,Charles Leclerc,58,4
2025,24,George Russell,58,5
2025,24,Fernando Alonso,58,6
2025,24,Esteban Ocon,58,7
2025,24,Lewis Hamilton,58,8
2025,24,Lance Stroll,58,9
2025,24,Oliver Bearman,58,10
2025,24,Nico Hülkenberg,58,11
2025,24,Gabriel Bortoleto,58,12
2025,24,Carlos Sainz,58,13
2025,24,Yuki Tsunoda,58,14
2025,24,Andrea Kimi Antonelli,58,15
2025,24,Alexander Albon,58,16
